id,title,aliases,bpm,artist,level
1809,LEMON MELON COOKIE,,180,TAK,DX 3 | DX 7 | DX 10+ | DX 11+ | DX 13
1806,うたかたよいかないで,,166,HIMEHINA,DX 3 | DX 7 | DX 10 | DX 13
1805,WWW,,146,HIMEHINA,DX 2 | DX 6 | DX 10+ | DX 13
1804,キスキツネ,,148,HIMEHINA,DX 2 | DX 6 | DX 10 | DX 13+
1799,RE Aoharu,,180,Nor「ブルーアーカイブ -Blue Archive-」,DX 3 | DX 7 | DX 10+ | DX 13+
1794,ZEUS,宙斯,180,ルゼ,DX 5 | DX 8 | DX 12+ | DX 14
1778,AiAe,,180,DJ'TEKINA//SOMETHING a.k.a ゆよゆっぺ,DX 5 | DX 8 | DX 12 | DX 14
1770,Colorful Starting Line,,162,涼宮ハルヒ(CV.平野綾),DX 3 | DX 7 | DX 10 | DX 13
1769,Chasing destiny,,186,涼宮ハルヒ(CV.平野綾),DX 4 | DX 7+ | DX 10+ | DX 13+
1768,無敵的ハピネス！(SOS団5人Ver.),,185,"涼宮ハルヒ(CV.平野綾),長門有希(CV.茅原実里),朝比奈みくる(CV.後藤邑子)、キョン(CV.杉田智和)、古泉一樹(CV.小野大輔)",DX 3 | DX 7 | DX 10 | DX 13
1767,BOW AND ARROW （アニメ・オープニングver.）,,180,米津玄師,DX 3 | DX 7 | DX 10 | DX 11+ | DX 13
1766,Galaxy Blaster,,208,ああああ,DX 5 | DX 7+ | DX 11 | DX 14
1765,TECHNOPOLIS 2085,雅迪|2085|啊🤪～啊🤪～啊咦😬啊咦😬啊→啊↑啊↓😨啊😰～嗯💥哎哎🤗哎哦哎嗯😋～哦哎🥳爱爱爱爱爱😍啊🤪～啊🤪～啊咦😬啊咦😬啊→啊↑啊↓😨啊😰～嗯💥嗯嗯👿滴嘚滴嘚😈唔😱嘟⬅️嘟↖️嘟⬆️嘟↗️嘟➡️嘟↘️嘟⬇️,134,PRASTIK DANCEFLOOR,DX 4 | DX 6 | DX 10+ | DX 13+
1757,WakeUP MakeUP FEVER!,,126,曲：アオワイファイ／歌：オンゲキシューターズ,DX 2 | DX 6 | DX 10 | DX 13
1744,Paranoia,paranoia|镶金灵梦|妄想症|金色灵梦,150,DiGiTAL WiNG feat. 花たん,DX 4 | DX 7 | DX 9 | DX 13 ; STD 3 | STD 7 | STD 10 | STD 13+
1738,うい麦畑でつかまえて,,168,しぐれうい,DX 3 | DX 7 | DX 10+ | DX 13
1737,化けの花,,180,なきそ,DX 4 | DX 7 | DX 11 | DX 13
1724,ラストピースに祝福と栄光を,祝福荣光|祝福|荣光|希望泪2|红豆泥私密马赛,280,cosMo＠暴走P,DX 7 | DX 9 | DX 12+ | DX 14+
1722,最愛人生ランナー,,180,かいりきベア,DX 4 | DX 7+ | DX 11 | DX 13+
1721,トレジャーガーデン,,268,Ponchi♪ feat.初音ミク,DX 4 | DX 7+ | DX 11+ | DX 13+
1720,ジェットブラック,,170,雄之助,DX 4 | DX 7 | DX 10 | DX 13
1719,ウィーアーピコピコハンマーズ!!!!,,202,cosMo＠暴走P,DX 5 | DX 8 | DX 10+ | DX 13+
1718,電光刹歌,,207,かめりあ,DX 4 | DX 7+ | DX 11+ | DX 13+
1713,ヒアソビ,,134,かめりあ,DX 3 | DX 7 | DX 10 | DX 13+
1709,Worlders,,137,じん / バーチャル・シンガー、Leo/need、MORE MORE JUMP！、Vivid BAD SQUAD、ワンダーランズ×ショウタイム、25時、ナイトコードで。「劇場版プロジェクトセカイ　壊れたセカイと歌えないミク」,DX 2 | DX 6 | DX 9+ | DX 12+
1708,はじまりの未来,,156,40mP × sasakure.UK / 初音ミク「劇場版プロジェクトセカイ　壊れたセカイと歌えないミク」,DX 3 | DX 6 | DX 10 | DX 13
1692,ニルヴの心臓,,256,TJ.hangneil + Atomic Sphere feat.Annabel,DX 6 | DX 8 | DX 12+ | DX 14
1690,有頂天ドリーマーズ,,188,森羅万象,DX 4 | DX 7 | DX 10+ | DX 13
1689,テトリス,,170,柊マグネタイト,DX 4 | DX 7 | DX 10+ | DX 12 | DX 13+
1688,モニタリング,,132,DECO*27,DX 3 | DX 6 | DX 10+ | DX 11+ | DX 13
1682,彩りキャンバス,,180,SUGAR RUSH「ブルーアーカイブ -Blue Archive-」,DX 3 | DX 6 | DX 10 | DX 13
1681,Unwelcome School,,180,Mitsukiyo「ブルーアーカイブ -Blue Archive-」,DX 4 | DX 7 | DX 10+ | DX 12 | DX 14
1679,イーヴィルガール,,180,Fushi feat.吉乃,DX 4 | DX 7+ | DX 11 | DX 13+
1671,帝国少女,,118,R Sound Design ,DX 2 | DX 6 | DX 9 | DX 13
1670,少女A,,130,椎名もた,DX 2 | DX 6 | DX 9+ | DX 13
1669,少女レイ,少女灵,150,みきとP,DX 2 | DX 6 | DX 9+ | DX 12+
1659,Tidal Wave,,175,D-Cee,DX 4 | DX 7+ | DX 12 | DX 13+
1658,Drivessover,,182,Taishi,DX 4 | DX 7+ | DX 12 | DX 13+
1657,crazy (about you),,145,kamome sano,DX 3 | DX 7 | DX 10+ | DX 13+
1651,サウンドプレイヤー,,143,tilt-six feat.バル,DX 3 | DX 7 | DX 10 | DX 13+
1647,Lover's Trick,,130,litmus*,DX 3 | DX 7 | DX 10+ | DX 13+
1645,㋰責任集合体,,135,マサラダ,DX 3 | DX 7 | DX 9+ | DX 13
1644,JIGOKU STATION CENTRAL GATE,,160,鬱P feat.000,DX 4 | DX 7+ | DX 11 | DX 14
1643,BlackFlagBreaker!!,社筑,163,社築 × sasakure.UK,DX 4 | DX 8 | DX 11 | DX 13+
1639,なんかノイズにきこえる,,158,HaNaMiNa feat.Hana,DX 3 | DX 7 | DX 9+ | DX 13+
1634,クーネル・エンゲイザー,进食睡眠凝视者,170,電ǂ鯨,DX 3 | DX 7 | DX 9+ | DX 12+
1631,Destined Marionette,,186,ビートまりお,DX 4 | DX 8 | DX 12 | DX 14
1630,超最終鬼畜妹フランドール・S,超最终鬼畜妹,210,ビートまりお×まろん,DX 5 | DX 8 | DX 12+ | DX 13+
1629,"Help me, ERINNNNNN!!","help me, erinnnnnn!!|erin|救我|帮我|帮帮我永琳姐|救救我",185,ビートまりお,DX 4 | DX 7+ | DX 10+ | DX 13
1621,好きな惣菜発表ドラゴン,,160,ンバヂ,DX 3 | DX 6 | DX 9 | DX 12
1617,ハオ,,176,DECO*27,DX 3 | DX 7 | DX 9+ | DX 13
1616,あいたい星人,,150,DECO*27,DX 3 | DX 6 | DX 9+ | DX 13
1615,DATAERR0R,dataerror|你没保存数据,180,Lunatic Sounds,DX 5 | DX 8 | DX 11+ | DX 14
1613,M@GICAL☆CURE! LOVE ♥ SHOT!,,192,SAWTOWNE,DX 4 | DX 7+ | DX 11 | DX 13+
1608,モエチャッカファイア,モエチャッカファイア|绝区零|萌萌点火|鲨鱼娘,163,弌誠「ゲーム『ゼンレスゾーンゼロ』エレン・ジョー 同人イメージソング」,DX 3 | DX 6 | DX 10 | DX 13+
1600,Synthesis.,synthesis.|综合,180,tn-shi,DX 5 | DX 8+ | DX 12+ | DX 14
1599,Idoratrize World,idoratrize world,170,A-One,DX 3 | DX 6 | DX 10 | DX 13
1597,ももいろの鍵,ももいろの鍵|桃键|桃色钥匙|桃色,165,いよわ,DX 2 | DX 6 | DX 9 | DX 12+
1596,メズマライザー,メズマライザー|催眠术,185,サツキ feat.初音ミク・重音テト,DX 3 | DX 7 | DX 10 | DX 11+ | DX 13+
1594,ビビデバ,ビビデバ|bibbideba,120,星街すいせい（ホロライブ）,DX 2 | DX 6 | DX 9+ | DX 11+ | DX 13
1593,はいよろこんで,はいよろこんで|乐意效劳,147,こっちのけんと,DX 3 | DX 6 | DX 9+ | DX 11+ | DX 13
1592,月光,月光,195,歌：V.I.P 作詞：廉　作曲：廉 「神椿市協奏中。」,DX 4 | DX 8 | DX 11 | DX 13+
1591,ゆりかご,ゆりかご,120,歌：可不 作詞：MIMI　作曲：MIMI 「神椿市協奏中。」,DX 2 | DX 6 | DX 9 | DX 13
1590,きゅびびびびずむ,きゅびびびびずむ|cubibibibism|立体体体体主义,185,超てんちゃん,DX 5 | DX 8 | DX 12 | DX 13+
1589,きゅびずむ,きゅびずむ|cubism|立体主义,185,超てんちゃん,DX 3 | DX 7 | DX 10 | DX 12+
1587,Supersonic Generation,supersonic generation|轩辕十四|超音速代,155,Massive New Krew,DX 4 | DX 8 | DX 11+ | DX 13+
1573,Radiance,radiance|江江比耶2|江江比耶|江江|小江江比耶,155,Nhato,DX 4 | DX 6 | DX 10+ | DX 13+
1571,Resolution,resolution|决心|刹那|老婆,190,曲：ANCHOR／歌：皇城 セツナ(CV：八巻 アンナ),DX 5 | DX 7+ | DX 11 | DX 13+
1569,MORNINGLOOM,morningloom|早八,102,saaa,DX 4 | DX 8 | DX 11 | DX 13+
1564,迷える音色は恋の唄,迷える音色は恋の唄|恋歌|音色迷人的恋歌|恋歌1,165,からとPαnchii少年 feat.はるの「Arcaea」,DX 3 | DX 6 | DX 10+ | DX 13+
1557,On your mark (104期 Ver.),on your mark (104期 ver.)|莲之空,154,蓮ノ空女学院スクールアイドルクラブ「Link！Like！ラブライブ！」,DX 3 | DX 6 | DX 9 | DX 12+
1553,ウルトラトレーラー,ウルトラトレーラー|ultra trailer|超预告篇|超预告片|超予告编|炒鱼糕片,155,マサラダ,DX 4 | DX 7 | DX 11 | DX 13+
1551,オーバーライド,オーバーライド|覆写|override|重写|重新改写|覆盖,204,吉田夜世,DX 4 | DX 7+ | DX 11 | DX 13
1546,てらてら,てらてら|忒啦忒啦|熠熠闪光|天马咲希,190,和田たけあき / 初音ミク / Leo/need「プロジェクトセカイ カラフルステージ！ feat. 初音ミク」,DX 3 | DX 7 | DX 10 | DX 13
1545,snooze,snooze|屎,150,wotaku feat. SHIKI,DX 4 | DX 6 | DX 10+ | DX 13+
1542,無間嫉妬劇場『666』,無間嫉妬劇場『666』|无间嫉妒剧场,108,森羅万象,DX 3 | DX 7 | DX 10 | DX 13
1539,シリウスの輝きのように,シリウスの輝きのように|天狼星,158,鳳 ここな(CV.石見舞菜香)、静香(CV.長谷川育美)、カトリナ・グリーベル(CV.天城サリー)、新妻八恵(CV.長縄まりあ)、柳場ぱんだ(CV.大空直美)、流石知冴(CV.佐々木李子)「ワールドダイスター 夢のステラリウム」,DX 4 | DX 7+ | DX 10+ | DX 12 | DX 14
1532,ゆけむり魂温泉 II,ゆけむり魂温泉 ii|魂温泉,140,魂音泉,DX 4 | DX 6 | DX 10 | DX 13+
1529,イガク,イガク|医学|我有ユユ症|ユ,170,原口沙輔 feat.重音テト,DX 4 | DX 7 | DX 11 | DX 13+
1528,人マニア,人マニア|人狂|人狂热症|人狂热者,150,原口沙輔 feat.重音テト,DX 3 | DX 6 | DX 10+ | DX 13+
1521,リアライズ,リアライズ|realize,150,柊マグネタイト,DX 3 | DX 6 | DX 10 | DX 13
1520,Chronomia,chronomia|天文钟,227,Lime,DX 6 | DX 8 | DX 12 | DX 14
1519,Ultimate taste,ultimate taste|芙兰教你认曲风,200,ぱらどっと,DX 5 | DX 7+ | DX 11 | DX 13+
1518,ずんだパーリナイ,ずんだパーリナイ|俊达派对之夜|俊达萌派对|俊达萌派对之夜|俊达萌,150,なみぐる feat.ずんだもん,DX 4 | DX 7 | DX 10 | DX 13+
1517,デビルじゃないもん,デビルじゃないもん|才不是恶魔呢|才不是恶魔,154,"DECO*27, ピノキオピー",DX 3 | DX 6 | DX 9+ | DX 13
1516,マツケンサンバⅡ,マツケンサンバⅱ,133,松平健 [covered by 光吉猛修],DX 3 | DX 6 | DX 9+ | DX 12+
1515,愛包ダンスホール,愛包ダンスホール|爱派dancehall|爱包|爱包舞厅,141,HIMEHINA,DX 3 | DX 6 | DX 9 | DX 13
1514,唱,唱,132,Ado,DX 2 | DX 6 | DX 9 | DX 11+ | DX 13
1513,ダーリンダンス,ダーリンダンス|darling dance|达令跳舞,153,かいりきベア,DX 3 | DX 7 | DX 9+ | DX 11+ | DX 13
1511,勇者,勇者|芙莉莲,104,YOASOBI「葬送のフリーレン」,DX 3 | DX 6 | DX 9+ | DX 11+ | DX 13
1509,Elemental Ethnic,elemental ethnic|狗叫机关枪|机枪肌肉男|机关枪|香草|老公|元素民族,163,Yooh,DX 6 | DX 8 | DX 12+ | DX 14
1505,Ai C,ai c|aic|艾草|挨草|爱丽丝的摇篮|三小只,191,Feryquitous,DX 5 | DX 8 | DX 12 | DX 14
1504,Baqeela,baqeela|巴奎拉,130,owl＊tree,DX 3 | DX 6 | DX 10+ | DX 13+
1503,最っ高のエンタメだ!!,最っ高のエンタメだ!!|最高|最棒的娱乐,276,曲：本田正樹(Dream Monster)／歌：7EVENDAYS⇔HOLIDAYS [井之原 小星(CV：ももの はるな)、柏木 咲姫(CV：石見 舞菜香)],DX 5 | DX 7 | DX 11 | DX 13+
1502,まっすぐ→→→ストリーム！,まっすぐ→→→ストリーム！|右右右|千夏冲击！|→→→|千夏火箭,184,曲：本多友紀（Arte Refact）／歌：日向 千夏(CV：岡咲 美保),DX 4 | DX 7 | DX 10+ | DX 13
1492,スティールユー,スティールユー|steelyou|钢铁般的你|steal you,190,Omoi「#コンパス」,DX 3 | DX 7+ | DX 11 | DX 13
1491,ラヴィ,ラヴィ|lavie|拉薇|拉比|纳里纳里|lavi,183,すりぃ,DX 4 | DX 7 | DX 10+ | DX 13
1484,Make Up Your World feat. キョンシーのCiちゃん & らっぷびと,make up your world feat. キョンシーのciちゃん & らっぷびと,180,t+pazolite & Srav3R,DX 5 | DX 7+ | DX 10+ | DX 13
1477,INFiNiTE ENERZY -Overdoze-,infinite enerzy -overdoze-|ieo|坟头自拍|坟前|坟头拍照|坟前自拍|无限力量依赖|🧺子|无限能量|am2|屁股肉|臀大肌|判定线不动最多16.3|infinity overdoze,180,Reku Mochizuki,DX 5 | DX 8 | DX 13 | DX 14
1471,ザムザ,ザムザ|萨姆沙|阿萨姆|samsa|砸木砸,121,てにをは,DX 1 | DX 6 | DX 9+ | DX 12+
1470,バカ通信,バカ通信|笨蛋通信|琪露诺通信|八力通信|笨蛋通讯|八力通讯|通信|baka通信|八嘎通信|泡通信|9通信|⑨通信,240,isonosuke,DX 5 | DX 7+ | DX 11 | DX 13+
1469,ライアーダンサー,ライアーダンサー|谎言舞者|蓝牙舞者|liardancer|ld|蓝牙|哦多累|蓝牙单色|liar dancer|铁托摇|欧都累,170,マサラダ,DX 3 | DX 7 | DX 10 | DX 13
1467,新人類,新人類|镜音铃|新人类,144,まらしぃ×じん×堀江晶太(kemu) feat.鏡音リン,DX 3 | DX 6 | DX 10+ | DX 13+
1462,おくすり飲んで寝よう,おくすり飲んで寝よう|吃药|吃完药就睡觉|吃完药就睡觉吧|吃完药睡觉|吃药睡觉|吃完药药睡觉觉|吃了药就去睡吧|吃完药躺板板|药娘,130,もちうつね,DX 3 | DX 6 | DX 9+ | DX 12+
1461,サイバーサンダーサイダー,サイバーサンダーサイダー|火柴人|ctc|小人打拳|cyber thunder cider|粉笔人,145,EZFG,DX 4 | DX 6 | DX 10+ | DX 13+
1458,ouroboros -twin stroke of the end-,ouroboros -twin stroke of the end-|衔尾蛇|我们的菠萝,188,Cranky VS MASAKI「グルーヴコースター 3EX ドリームパーティー」より,DX 6 | DX 9 | DX 12 | DX 14
1456,VOLT,volt|伏特,174,aran「グルーヴコースター」,DX 3 | DX 7 | DX 10+ | DX 13
1454,MUSIC PЯAYER,music pяayer|musicprayer|幻想回廊|音祷|音乐播放器|music prayer,168,A-One,DX 4 | DX 6 | DX 10 | DX 13+
1443,壱雫空,壱雫空|木柜子|咕咕嘎嘎|mygo|老下空|它下空|一滴雨|粉色奶龙|匕下工|🐧|壳卡空|那啥空|一雫空|高松灯|卖狗|五把伞|士冖匕雨下空|卖沟|某某空|一休尼|一拿空|又有一集开始了,204,MyGO!!!!!,DX 3 | DX 7 | DX 11 | DX 13+
1442,匿名M,匿名m|请不要人肉我哦|初音采访,140,ピノキオピー,DX 3 | DX 7 | DX 9+ | DX 12+
1441,New York Back Raise,new york back raise|纽约赌场|nybr|赌场|德州扑克|努力哥输给天赋比|四条输给皇家同花顺|皇家同花顺|纽约回升|新约克回来赌|赌博,160,saaa + kei_iwata + stuv + わかどり,DX 3 | DX 7+ | DX 12+ | DX 13+
1438,酔いどれ知らず,酔いどれ知らず|不知醉,115,Kanaria,DX 2 | DX 6 | DX 8 | DX 11+ | DX 13
1437,ラビットホール,ラビットホール|兔子洞|rabbithole|初音未来下海|rabbit hole,173,DECO*27,DX 3 | DX 7 | DX 9+ | DX 11+ | DX 13
1436,アイドル,アイドル|爱豆|偶像|idol|我推的孩子|推子|星野爱,166,YOASOBI,DX 3 | DX 6 | DX 9+ | DX 11 | DX 13
1435,寝起きヤシの木,寝起きヤシの木|早起椰树头|歌爱冲刺|早起冲天炮|寝起,160,ゆこぴ,DX 3 | DX 6 | DX 9+ | DX 12+
1434,強風オールバック,強風オールバック|强风大背头|强风才一儿|歌爱雪切菜|强风,135,ゆこぴ,DX 2 | DX 6 | DX 9+ | DX 12+
1433,過去を喰らう,過去を喰らう|吞噬过去|花谱|吃过去,187,花譜,DX 4 | DX 7 | DX 10 | DX 13
1432,INTERNET YAMERO,internet yamero|地雷女2|超天酱2|快远离互联网|卷纸maimai|互联网太棒了|躁郁症|†升天†|马赛克2|200个绝赞|朝天椒2|地雷女不要啊|互联网毁了我|yamero|地雷女|超天酱,185,Aiobahn feat. KOTOKO「NEEDY GIRL OVERDOSE」,DX 4 | DX 7+ | DX 10+ | DX 11+ | DX 13+
1431,MarbleBlue.,marbleblue.|妈宝蓝|大理石蓝|蓝弹珠,198,MisoilePunch♪,DX 6 | DX 8 | DX 12+ | DX 14
1430,Λzure Vixen,λzure vixen|av|凯南|猩红凝视|我独自升级|维导|蓝的狐|azure vixen|有格调|高塔|azurevixen|老公|理财产品|失控银河,163,かめりあ,DX 6 | DX 8 | DX 13 | DX 14+
1419,WE'RE BACK!!,we're back!!|我们回来了|我们是背|weareback|老公,185,Zekk,DX 4 | DX 8 | DX 12 | DX 14
1418,インパアフェクシオン・ホワイトガアル,インパアフェクシオン・ホワイトガアル|文学少女|不完美少女|月乃|不完美白色女孩|霸道总裁爱上我|不完美的白色少女|不完美的白之少女|不完美的白色女孩|白女|冴川芽依|女孩看书|积木月乃|imperfection|紫毛读书|imperfection white girl,207,ツミキ feat.月乃,DX 4 | DX 7+ | DX 11 | DX 14
1417,Ring,ring,132,R Sound Design feat.向日葵,DX 2 | DX 6 | DX 9+ | DX 12+
1413,ジェヘナ,ジェヘナ|地狱|gehenna,128,wotaku,DX 2 | DX 6 | DX 9+ | DX 13
1412,渦状銀河のシンフォニエッタ,渦状銀河のシンフォニエッタ|标抽水马桶|标银河|标马桶|标涡状银河|涡状银河交响曲|涡状马桶|涡状银河|抽水马桶|银河|涡状台风|冲水马桶|马桶|🚽|涡状伊岛|涡状银河的小交响曲|漩涡马桶,238,山本真央樹,DX 3 | DX 8 | DX 11+ | DX 14+ ; STD 5 | STD 9 | STD 12+ | STD 14
1405,あなたは世界の終わりにずんだを食べるのだ,あなたは世界の終わりにずんだを食べるのだ|海鲜味毛豆|你在这世界的终焉，吃下了俊达|世界终食|俊达萌被吃|俊达萌打电报|俊达萌发电报|世终俊达|食终孤独|摩斯密码|在世界末日吃掉了俊达|摩斯电码|俊达萌|电报|俊达萌流口水|世界终,140,なみぐる,DX 2 | DX 6 | DX 9+ | DX 12+
1383,神威,神威|太湖之光|kamui,210,TJ.hangneil,DX 6 | DX 8+ | DX 12+ | DX 14+
1381,トンデモワンダーズ,トンデモワンダーズ|不可思议的wonders|不可思议的奇迹|不可思议的wonder|世界解体还有10秒,172,sasakure.UK,DX 3 | DX 7 | DX 10 | DX 13+
1380,story,,220,前島麻由「異世界おじさん」,DX 3 | DX 7+ | DX 10+ | DX 12
1373,Energizing Flame,energizing flame|能量火焰|瑞文皇帝2|粉色机娘|特蕾西娅|粉红机娘|机娘3|钢铁机娘2|ef|能量火|激励火焰|激发火焰,201,Artifact vs. Dualcast,DX 6 | DX 8 | DX 12+ | DX 14
1368,Burn My Soul,burn my soul|红烧天堂|烧我的魂|燃烧吧我的中二魂,180,She is Legend「ヘブンバーンズレッド」,DX 4 | DX 7+ | DX 10 | DX 12+
1367,星界ちゃんと可不ちゃんのおつかい合騒曲,星界ちゃんと可不ちゃんのおつかい合騒曲|星界小姐和可不小姐的外出合奏曲|星界可不合骚曲|马赛克可不|马赛克|星界酱和可不酱的采购合奏曲|星界可不|星界|可不敢笑|猫抓板|圆头耄耋模拟器|屎|ba|星姐,220,南ノ南,DX 5 | DX 8 | DX 11+ | DX 13+
1366,Latent Kingdom,latent kingdom|曲师打架|lk|俩曲师打架|三十块|潜伏王国|大lk|三十块钱|老二大战大国奏音|老二vs大国奏音|东北商战|白魔爪vs黑魔爪|我售卖东北玉米|别样的小提琴大赛|两个男人拉小提琴|东北菜市场|我售卖东北竹笋|奏音快跑|潜在王国,201,Laur vs 大国奏音,DX 6 | DX 8 | DX 12+ | DX 14+
1365,ノンブレス・オブリージュ,ノンブレス・オブリージュ|喘不上来气|喘不上气|non-breath oblige|不要呼吸|我喘不上气儿|无呼吸|无呼吸义务|我喘不上气|看见光|萃萃薯条|我喘不上气我喘不上气|呼吸困难,148,ピノキオピー,DX 3 | DX 7 | DX 10 | DX 13
1353,バグ,バグ|八夕|mfy3|紫皮糖|故障|bug|月狼鸟了没分|八股|咕噜咕噜|爸爸的雷达,186,かいりきベア,DX 4 | DX 7 | DX 10 | DX 11+ | DX 13+
1352,さくゆいたいそう,さくゆいたいそう|我等心友|sakuyui taisou|sakuyui exercise|咲唯体操|女同17|管人体操,160,さくゆい,DX 2 | DX 6 | DX 9+ | DX 12+
1351,青春コンプレックス,孤独摇滚|青春症候群,190,結束バンド「ぼっち・ざ・ろっく！」,DX 3 | DX 7 | DX 10 | DX 11+ | DX 13+
1347,1000年生きてる,1000年生きてる|超越光2|别急24|超越窗|1000年生|千年|一千年生|千年生|壁尻|存活千年,100,いよわ,DX 3 | DX 7+ | DX 9 | DX 13
1346,熱異常,熱異常|热异常|冷正常|足立零,183,いよわ,DX 4 | DX 7+ | DX 10 | DX 12 | DX 13+
1345,GEOMETRIC DANCE,geometric dance|gd|几何跳舞|几何舞蹈|几何之舞|几何舞|理财产品,150,山本真央樹,DX 4 | DX 7+ | DX 12 | DX 14
1344,SQUAD-Phvntom-,squad-phvntom-|丝瓜|sp|quaso|战术小队|幻影小队|squad|幽灵小队|丝瓜饭桶|squad phvntom,200,Getty vs DJ DiA,DX 5 | DX 7+ | DX 12+ | DX 14
1338,PUPA,pupa|🦋|蓝的蝶|拉瓦2|大蓝闪蝶|噗趴|蝶魔王|噗啪|扑爬|东方树叶茉莉花茶|蝴蝶|公交车|蓝蝴蝶|隐形的翅膀|扑棱蛾子|蓝色蝴蝶,202,モリモリあつし,DX 6 | DX 7+ | DX 12+ | DX 14
1337,LAMIA,lamia|战斗服宵崎奏|刹那|刹那拉面|拉米亚|拉弥亚|拉面|香草|雅迪,199,BlackY,DX 6 | DX 8 | DX 13 | DX 14+
1336,Last Kingdom,last kingdom|小lk|luke|lk|最后王国|最后的王国|终末帝|失落王国|拔小蒜,150,USAO,DX 4 | DX 7+ | DX 12 | DX 13+
1335,Y.Y.Y.計画!!!!,y.y.y.計画!!!!|计画|yyy|yyy计画|yyy计划|世界计划,186,曲：烏屋茶房／歌：R.B.P. [九條 楓(CV：佳村 はるか)、逢坂 茜(CV：大空 直美)、珠洲島 有栖(CV：長縄 まりあ)],DX 4 | DX 7+ | DX 10+ | DX 13
1334,STARRED HEART,starred heart|星心,140,曲：広川恵一 (MONACA)／歌：オンゲキシューターズ,DX 3 | DX 5 | DX 9+ | DX 12
1333,絶対敵対メチャキライヤー,絶対敵対メチャキライヤー|绝对敌对|绝对敌对大讨厌|绝对敌对超级讨厌|宿敌就是宿敌啊,190,メドミア,DX 3 | DX 7+ | DX 9+ | DX 12+
1332,ド屑,ド屑|头屑|追追|卜屑|屑|人渣|渣滓|兰立忠|大人渣,115,なきそ,DX 2 | DX 6 | DX 9 | DX 13
1330,まにまに,まにまに|manimani|马尼马尼|射箭|女人射箭|随之任之|🏹|任之随之,174,r-906,DX 4 | DX 7 | DX 9+ | DX 12+
1329,超熊猫的周遊記（ワンダーパンダートラベラー）,超熊猫的周遊記（ワンダーパンダートラベラー）|周游记|超雄猫|超熊猫的周游记|超熊猫|四川禁曲|超能猫|超雄|我们是幻想麒麟,121,FANTAGIRAFF,DX 4 | DX 7+ | DX 12+ | DX 14+
1324,テオ,テオ|teo|天才|提欧|将手|亍才,185,Omoi,DX 5 | DX 7+ | DX 10+ | DX 13
1323,Vallista,vallista|瓦里斯塔,180,削除,DX 4 | DX 8 | DX 12+ | DX 14
1312,Snow Colored Score,snow colored score|雪颜色分数|雪色分|scs|雪色记录,164,イロドリミドリ,DX 2 | DX 6 | DX 9+ | DX 12+
1309,つるぺったん,つるぺったん|醋溜便当2|醋溜便当|伊吹萃香|萃香|西瓜|平胸之歌|贫乳便当,180,Silver Forest,DX 4 | DX 7+ | DX 10 | DX 12
1307,花となれ,花となれ|幻化成花|像花一样呐|成为一朵花|变成一朵花|可不呲牙|化成花|变成花|成为花朵|可不花,130,雄之助　feat. 可不,DX 2 | DX 6 | DX 8+ | DX 12
1306,インターネットサバイバー,インターネットサバイバー|网瘾二小姐|兰|东方超天酱|互联网幸存者|网络幸存者|互联网生存者|东方互联网|芙兰朵露重度依赖|东方女孩重度依赖|internet survivor|芙兰朵露|生存者,172,あやぽんず＊ feat.ビートまりお × まろん,DX 3 | DX 7 | DX 11 | DX 13
1296,Cthugha,cthugha|火球|火神2|火神|大火球|🎃|炎头|古神|克图格亚|赛图格亚|南瓜头|岩浆怪|屎|屁股肉金曲,213,USAO「Muse Dash」,DX 6 | DX 8+ | DX 12 | DX 14
1287,INTERNET OVERDOSE,internet overdose|overdose|超天酱|小天使请安|玉玉症|管人|kotoko|地雷女|io|我有玉玉症|daisuke|主播女孩重度依赖|网络过量|我有抑郁症|升天|主播女孩|土豆地雷|74块钱|朝天椒,163,Aiobahn feat. KOTOKO「NEEDY GIRL OVERDOSE」,DX 4 | DX 7 | DX 10+ | DX 13
1286,Knight Rider,knight rider|骑乘|骑骑|骑骑士士|骑士骑骑士|kr|骑士骑士|疯狂星期四|骑士踢,200,USAO「WACCA」,DX 5 | DX 8 | DX 11 | DX 13+
1285,Let you DIVE!,let you dive!|让你潜|let you dive|伊丽莎白|让你潜水|wacca|lyd|让你落,185,HARDCORE TANO*C & エリザベス（CV:大西沙織）「WACCA」,DX 3 | DX 7+ | DX 11 | DX 12+
1283,キャットラビング,キャットラビング|白毛红瞳猫娘|香椎|爱猫tv|cat loving|爱猫|搓猫|坠入爱河的猫,163,香椎モイミ,DX 2 | DX 6 | DX 8+ | DX 12+
1282,ロウワー,ロウワー|mzk二箱|堕落眼界|犹大|mzk2|lower|蛇女,132,ぬゆり / MEIKO / 25時、ナイトコードで。「プロジェクトセカイ カラフルステージ！ feat. 初音ミク」,DX 2 | DX 6 | DX 8+ | DX 11 | DX 13
1281,おとせサンダー,おとせサンダー|otosethunder|雷落|落下雷霆|落雷|司空震,177,ぼっちぼろまる,DX 3 | DX 6 | DX 9+ | DX 11 | DX 13+
1280,阿修羅ちゃん,阿修羅ちゃん|阿修罗酱|阿修罗,156,Ado,DX 3 | DX 6 | DX 10 | DX 13
1279,魔法少女とチョコレゐト,魔法少女とチョコレゐト|巧克力2|魔法少女与巧克力|腐外道2|魔法少女巧克力|巧克力|马猴烧酒和巧克力|魔法少女和巧克力|魔法少女,150,ピノキオピー,DX 3 | DX 6 | DX 9 | DX 13
1278,神っぽいな,神っぽいな|像神一样呐|像神一样|神|像神一样啊|神呐|黑化初音|风拂过之处|像神,142,ピノキオピー,DX 2 | DX 6 | DX 8+ | DX 11+ | DX 13
1275,ヒバリ,ヒバリ|俩个羽毛球|两个羽毛球|羽毛球|姬雏鸟|hibari|云雀|七八刀|羽毛球跳舞|匕八刀,140,HIMEHINA,DX 2 | DX 5 | DX 10+ | DX 13
1274,FLUFFY FLASH,fluffy flash|ff14|福利闪光|结城莉玖|ff|绒闪,252,Kobaryo,DX 6 | DX 8 | DX 12+ | DX 14
1269,Trrricksters!!,trrricksters!!|黄泉盟主|trrr|tricksters|trr|羊角人|雅迪|难|trickstar|！|!|trickster|1秒15.4|地雷|二见鸟,155,s-don vs. 翡乃イスカ,DX 6 | DX 8 | DX 12+ | DX 14
1267,独りんぼエンヴィー,独りんぼエンヴィー|孜然炉火|蛙|虾|孑然妒火|🦐|孜然驴肉|孜然驴火|房间已解散|ebi,132,koyori（電ポルP）,DX 1 | DX 6 | DX 8 | DX 12+
1265,ボッカデラベリタ,ボッカデラベリタ|真理之口,170,柊キライ,DX 3 | DX 7 | DX 10 | DX 13
1264,Alice's Suitcase,alice's suitcase|爱丽丝手提箱|爱丽丝的手提箱|手提箱|🧳|as|爱丽丝|旅行箱|alice,190,Endorfin.「Arcaea」,DX 3 | DX 7+ | DX 10+ | DX 13+
1258,きゅうくらりん,きゅうくらりん|心跳不止|心跳不已|可不抱头|晴天娃娃|ddlc|心动不已|心跳不动|纱世里|绿衣女人摸脸蛋|心梗不已|心梗不止|蓝衣哭泣少女|kyu-kurarin,220,いよわ,DX 4 | DX 7 | DX 11+ | DX 13+
1256,キュートなカノジョ,キュートなカノジョ|可爱的女朋友|女朋友|可爱女友|米塔,160,syudou　feat.音楽的同位体　可不（KAFU）,DX 3 | DX 6 | DX 9+ | DX 12+
1251,ピュグマリオンの咒文,ピュグマリオンの咒文|黑塔|小魔女咒文|魔法小萝莉|咒文|皮格马利翁的咒文|大黑塔,190,アリスシャッハと魔法の楽団,DX 4 | DX 7 | DX 10+ | DX 13+
1250,Hainuwele,hainuwele|华为|华为完了|nova11se|huawei|超大杯|雅迪,175,ETIA.,DX 5 | DX 8 | DX 12+ | DX 14
1249,電光石火,電光石火|电光石火|妖艳魔男2|电光火石|🤨|俄洛伊|裸男,165,HiTECH NINJA,DX 5 | DX 8 | DX 12+ | DX 14
1248,Ghost Dance,ghost dance|鬼舞|gd|魂5|幽灵跳舞,154,亜沙 feat.くろくも,DX 4 | DX 7+ | DX 10 | DX 13
1247,NightTheater,nighttheater|夜剧场|night theater|nt|夜剧院|嘻嘻嘻|剧院,151,わかどり,DX 3 | DX 7+ | DX 11+ | DX 13+
1242,ばかみたい【Taxi Driver Edition】,ばかみたい【taxi driver edition】|像笨蛋一样|八嘎米袋|别急20|打咩打捏|如龙的雨|笨蛋|八嘎|oceancat|羽染|玛恩纳|哭包羽染|像个傻瓜|🐶|如龙5|bakamitai|海猫络合物|海猫|damedane|🥃|铃木太一|哒咩哒咩,74,桐生一馬(黒田崇矢),DX 2 | DX 6 | DX 12 | DX 13
1240,群青シグナル,群青シグナル|体育生2|群青|群青2|群青信号|群青讯号|体育生丢篮球,206,テヅカ feat. 獅子神レオナ,DX 5 | DX 8 | DX 11+ | DX 13+
1234,VIIIbit Explorer,viiibit explorer|标准浏览器|标准8bit|标准八比特|8bit|8比特|标巴比特|八位探索者|八比特|标8bit|5*8-30/2+3bit|8bit浏览器|八比特管理器|8比特浏览器|巴比特|八比特浏览器|海葵姐|浏览器|大手子|dx八比特|dx8bit,188,Lime,DX 6 | DX 8 | DX 13 | DX 14+ ; STD 6 | STD 8 | STD 12+ | STD 14
1227,マーシャル・マキシマイザー,マーシャル・マキシマイザー|可不戴耳机|马修麦泽|最大化|mm|最大化者|马歇尔最大化器|马歇尔|marshall maximizer|可不听歌|maximizer|马歇尔最大化,190,柊マグネタイト feat.可不,DX 4 | DX 7 | DX 9+ | DX 13
1226,モンダイナイトリッパー！,モンダイナイトリッパー！|指南针|没问题tripper|モンダイナイトリッパー|萌呆奶|没问题|tripper|名取纱那|旅行者|没问题！Tripper！|兔兔|没问题旅行家,180,名取さな,DX 4 | DX 7 | DX 10+ | DX 13+
1223,SUPER AMBULANCE,super ambulance|120|千夏肚脐眼|千夏开大|俺不能死|救护车|超级救护车|🚑|超级小千夏|日向千夏,200,AJURIKA,DX 6 | DX 8+ | DX 12 | DX 14
1221,Catch Me If You Can,catch me if you can|你抓不住我|抓我|兔女郎|有种抓住我|早乙女彩华|兔女郎彩华|猫鼠游戏|露娜|樱岛麻衣|来抓我呀|抓我如果你可以|山里灵活的狗|如果你能抓到我|山吹沙绫|如果你能抓住我,130,曲：TAKU INOUE／歌：早乙女 彩華(CV：中島 唯),DX 5 | DX 7 | DX 10+ | DX 13
1219,セカイ,セカイ|sekai|世界,133,DECO*27×堀江晶太(kemu),DX 2 | DX 6 | DX 10 | DX 12+
1218,群青讃歌,群青讃歌|群青赞歌|pjsk|赞歌,168,Eve / 初音ミク、星乃一歌、花里みのり、小豆沢こはね、天馬司、宵崎奏「プロジェクトセカイ カラフルステージ！ feat. 初音ミク」,DX 1 | DX 6 | DX 9 | DX 12
1216,Random,random|阮冬木|随机|燃冬,132,Sobrem × Silentroom,DX 3 | DX 7 | DX 11 | DX 13+
1214,田中,田中|tanaka|屎|神曲神谱,186,立秋 feat.ちょこ,DX 5 | DX 8 | DX 12 | DX 14
1213,スカーレット警察のゲットーパトロール24時,スカーレット警察のゲットーパトロール24時|👮|东方警察24时|24时|蟑螂跳舞|东方警察|警察出警24小时|funky|警察24时|斯卡雷特警察|斯卡蕾特警察|24时警察|斯卡雷特|斯卡蕾特|蕾米出警|琪露诺跳舞|警察|蕾米琪露诺斗舞|尾杀大b圈,160,七条レタスグループ,DX 3 | DX 7 | DX 9 | DX 13
1211,ヴィラン,ヴィラン|碧浪|恶者|反派|villan|反派角色|villain|糜烂,102,てにをは,DX 2 | DX 6 | DX 9 | DX 11+ | DX 13
1210,フォニイ,フォニイ|phony|扶你|噗泥|奶龙跳舞|凤梨|7才二亻|佛尼|伪物|7才二人|狐狸面具,170,ツミキ,DX 2 | DX 6 | DX 9+ | DX 11 | DX 13
1207,アニマル,アニマル|animal|猫猫初音|猫抓板|deco喵喵叫|动物|猫葱,188,DECO*27,DX 3 | DX 7+ | DX 10+ | DX 13
1206,Don't Fight The Music,don't fight the music|憋打歌|刹那立正|小气走|别打音乐|不要打歌|别打歌|刹那|宵崎奏|刹那赢冰箱|是我在制作这些视频|赢取冰箱|不好导弹来袭|不要战斗这音乐|不准打歌|不准揍乐|老婆,195,黒魔,DX 5 | DX 9 | DX 12+ | DX 14
1205,蜘蛛の糸,蜘蛛の糸|四百块|蜘蛛系|蜘蛛的丝|滴嘟丝|蜘蛛丝|蜘蛛的糸|spider’s thread|🕸️|spider's thread|不来方永爱|蜘蛛之丝|长城|不来方,180,きくお×cosMo＠暴走P feat.影縫英,DX 5 | DX 8+ | DX 12+ | DX 14
1199,Transcend Lights,transcend lights|超越光|九月的雨|超超光光|美瞳广告|小女孩们的茶话会|超越之光|bright主题曲|别急19|音击的武士|tl|萝莉的雨|音击妹妹|114514|音击的雨,70,曲：小高光太郎／歌：オンゲキシューターズ,DX 4 | DX 7 | DX 11 | DX 13
1198,エータ・ベータ・イータ,エータ・ベータ・イータ|hera2|eta beta ita|赫拉2|蓝原椿|赫拉二|工一夕八一夕人一夕|咱家那超级大串|工一夕|ἥβη|阿尔法|蓝的椿,186,ルゼ,DX 6 | DX 7+ | DX 12 | DX 14
1195,パズルリボン,パズルリボン|蝴蝶结|拼图丝带|puzzle ribbon|红发男|游乐王子|未知无心|东云彰人,215,すりぃ feat.りょーくん,DX 5 | DX 7+ | DX 11 | DX 13
1191,ジャンキーナイトタウンオーケストラ,ジャンキーナイトタウンオーケストラ|瘾者之夜|玛奇玛|🤫|瘾者之夜城镇乐队|junky night town orchestra|隐者之夜,145,すりぃ,DX 3 | DX 6 | DX 10 | DX 12+
1186,folern,folern|北冰洋|迪希雅|水陈|佛冷|给我玩中二节奏,200,ぬゆり,DX 5 | DX 8 | DX 12 | DX 13+
1185,ツクヨミステップ,ツクヨミステップ|月读|水枪|斯普拉遁|月读舞步|女人拿水枪|戴帽女人滋水枪|水枪姐|嗒嗒啦嗒啦嗒嗒,172,ユリイ・カノン feat.nameless,DX 4 | DX 7+ | DX 10+ | DX 13
1184,コスモポップファンクラブ,コスモポップファンクラブ|芭芭拉拉粑粑|吧啦吧吧吧|cosmo pop funclub|宇宙流行乐俱乐部|小魔仙|cpfc|巴啦啦小魔仙|巴啦啦|巴拉巴巴巴|cosmo pop fanclub|巴拉巴巴拉,189,ナユタン星人,DX 3 | DX 6 | DX 10+ | DX 13
1180,三妖精SAY YA!!!,三妖精say ya!!!|三铸币开大|saya|say ya|三笨蛋|三小只|我们三|三月精|三妖精塞牙|tfgirls|萨莉亚|三妖精|三亚|月下三妖精|sayya,150,森羅万象,DX 3 | DX 6 | DX 10 | DX 13
1177,Spring of Dreams,spring of dreams|春梦|春之港湾|娜兹玲|莉莉白|小老鼠,153,3L (NJK Record),DX 3 | DX 6 | DX 10 | DX 12+
1176,Sage,sage|世嘉|撒歌|贤者|sega|sabe|圣人|撒给|萨格|圣徒|撒哥,145,かめりあ,DX 6 | DX 8 | DX 12+ | DX 14
1175,チューリングの跡,チューリングの跡|屠龙之技|图灵|灭火器|螺号|jazz for your soul|图灵之跡|信用2|迹|白法院吹萨克斯|🎷|credits2|图灵之迹|🎷🥚|图灵轨迹|萨克斯|图灵之寄|dx信用,180,Frums,DX 4 | DX 8 | DX 13 | DX 14+
1173,Swift Swing,swift swing|迪拉熊跳舞|他们是经理|滴蜡熊爱跳舞|海澜之家|迪拉熊热舞|滴蜡熊热舞|白铜寺拉小提琴|荡秋千|ss2|五熊扛鼎,150,Laur,DX 4 | DX 8 | DX 12 | DX 14
1166,HECATONCHEIR,hecatoncheir|百足巨人|MysteryPrism|百手巨人|摆臂巨人|百臂巨人|捅椅子|heca|他猫上椅子,155,Yuta Imai,DX 5 | DX 8 | DX 12+ | DX 14
1161,BANG!,bang!|钢管|棒|邦|bang,128,Shoichiro Hirata feat.Sana,DX 2 | DX 6 | DX 10+ | DX 13
1160,Love's Theme of BADASS ～バッド・アス 愛のテーマ～,love's theme of badass ～バッド・アス 愛のテーマ～|猫抓板|拔大蒜|僵尸骑摩托|拔大葱|绿巨人骑摩托车|扒大蒜|哥布林骑摩托|badass|坏屁股|干打雷|恶尻|马达加斯加|爱的主题坏屁股|小绿人,202,Hommarju,DX 6 | DX 8 | DX 13 | DX 14
1156,BLUE ZONE,blue zone|蓝粽|蓝得盆|蓝的盆|极品飞车|蓝界|蓝色高级车|蓝的区|蓝车|蓝的车|飞车|蓝区|蓝色区域,168,Tatsh x NAOKI,DX 4 | DX 8 | DX 11 | DX 14
1152,otorii INNOVATED -[i]3-,otorii innovated -[i]3-|电刑|熊二|雷电法王|雷熊|囚徒|紫色滴蜡熊|i3|闪电熊|⚡🐻|电熊|电所有人前列腺|大鸟居|电你前列腺|电击前列腺|耳机漏电|特大迪拉熊|鸟居|电所有人|前列腺,210,NAOKI underground,DX 6 | DX 8+ | DX 13 | DX 14
1149,8-EM,8-em|大大大|很酷，不说话|涩图|橘优羽|atm|syk|大柰子|小孩|喰喰|8em|国服没奈子|大扔子|大头照,168,Sampling Masters AYA,DX 5 | DX 8 | DX 12+ | DX 13+
1148,Dreadnought,dreadnought|无畏舰|死亡手电筒|手电筒|大喷菇|无畏号战舰|🔦|巧脆卷|望远镜|无畏号|无畏战舰|无畏契约|瓦|无畏,192,Mastermind(xi+nora2r),DX 5 | DX 8+ | DX 12+ | DX 13+
1147,Armageddon,armageddon|阿空|太阳信仰|arma|世界末日|东方树叶|⑥|阿玛革冬|阿妈咯噔|灵乌路空|灵知的太阳信仰|核弹|切菜|世界末白|阿玛戈登|世界mobi|核爆,210,LeaF,DX 5 | DX 8 | DX 12+ | DX 13+
1146,初音天地開闢神話,初音天地開闢神話|开天辟地|天地开辟|开辟神话|开辟|初音未来毁天灭地|初音未来日天日地|毁天灭地|盘古开天辟地|初音毁天灭地神话|初音未来开天辟地|开辟天地|盘古|消失2|神话|盘古未来|初音天地开辟神话|初音未来开辟神话|初音开天辟地,240,cosMo＠暴走P,DX 5 | DX 8 | DX 11 | DX 13+
1145,エンヴィーベイビー,エンヴィーベイビー|剔牙|envy baby|林尼|雀魂|拼多多|嫉妒宝贝|打牌|envybaby|envy,171,Kanaria,DX 3 | DX 7 | DX 9+ | DX 13
1144,ヴァンパイア,ヴァンパイア|做核酸|玩牌儿|袁绍|玩牌呀|nichan|miku口罩|vampire|吸血鬼|口罩妹|棒棒鸭|核酸检测,164,DECO*27,DX 3 | DX 6 | DX 10 | DX 11+ | DX 13
1143,"Good bye, Merry-Go-Round.","good bye, merry-go-round.|龙图|goodbye,mother-not-found|good bye, mothre-not-found|旋转mua|再见，旋转木马|白人掐腰|旋转木马|再见旋转木马|🐴|🐎|旋转古神|木马|江南style|🔁🌲🐴|阿尼娅|good bye, mother-not-found.|🎠|再见转圈圈|good bye, mother-not-found|杩|good bye merry go round|日向千夏|旋转木妈|千夏叉腰",185,Yooh,DX 5 | DX 7+ | DX 12 | DX 14
1142,sølips,sølips|100块|solips|100块钱|100元|一百块|索|嗦|🔒|solidworks|s∅lips|唯我论|so|索利普斯|s空集lips|蓝的盘,199,rintaro soma,DX 6 | DX 8 | DX 13+ | DX 14+
1137,Halcyon,halcyon|翡翠鸡|sd🐔|翡翠鸟|标准翡翠鸡|标翡翠鸡|静谧之鸟|翡鸡杯|脆皮鸡|dx翡翠鸡|浅鸽处刑曲|🐔|小公交车,191,xi,DX 3 | DX 8 | DX 11 | DX 13 ; STD 6 | STD 8+ | STD 12 | STD 14
1136,ハードコア・シンドローム,ハードコア・シンドローム|hardcore syndrome|打胶|creeping|打交|打交第一名|硬核综合症|哈皮和tpz开音趴|hardcore|硬核|打架第二名|哈皮打交|哈德口|硬核综合征|罚站|友人对战|tanoc全明星|梅西哥拆机|哈德阔|梅西歌|老兵敬礼|我脸上有交互吗|怎么 我脸上是有交互吗|tpz立正|咋的我脸上是有交互吗,180,t+pazolite (HARDCORE TANO*C) feat.TANO*C ALL STARS,DX 5 | DX 8 | DX 12 | DX 13+
1135,スピカの天秤,スピカの天秤|黑化希望泪|希望泪2|交流电电棍|绝望泪|心灵终结|天秤|这个需要你自己衡量|天平,252,Acotto,DX 5 | DX 8+ | DX 13 | DX 14
1134,Limits,limits|限制|极限,140,舞ヶ原シンセ研究会,DX 3 | DX 6 | DX 10 | DX 13
1133,We Are Us,we are us|我们是美国|wau|我们是我们,145,舞ヶ原シンセ研究会,DX 3 | DX 6 | DX 10 | DX 13
1130,リモコン,リモコン|双子转转转|switch|遥控器|思维驰学习机,165,じーざすP（ワンダフル☆オポチュニティ！）,DX 3 | DX 6 | DX 9 | DX 13
1129,アカツキアライヴァル,アカツキアライヴァル|拂晓|初音未来和波奇|鱼葱|女同8|拂晓已至|拂晓抵达|akatsuki arrival,125,Last Note.,DX 2 | DX 6 | DX 10 | DX 13
1128,ラグトレイン,ラグトレイン|延误列车|打地鼠|延迟列车|烟雾列车|少女终末旅行|列车|15列车|lag train|电车迟到|lagtrain,147,稲葉曇,DX 2 | DX 6 | DX 9+ | DX 13
1126,躯樹の墓守,躯樹の墓守|躯树の墓守|墓守|噔噔|🌳|树|守墓人|小红帽|躯树的墓守|红色羽毛球|洛茜|躯树|躯树墓守|蕾米坠机|躯世的墓琴|去世的木琴,211,隣の庭は青い(庭師+Aoi),DX 6 | DX 9+ | DX 13 | DX 14+
1121,インドア系ならトラックメイカー,インドア系ならトラックメイカー|室内系|nichan|小姐姐|一笔画|室内轨道制造商|indoor系|室内系的track maker|内向都是作曲家|室内系的trackmaker|track maker|法修散打,128,Yunomi & nicamoq,DX 2 | DX 7+ | DX 10 | DX 13
1120,なだめスかし Negotiation（TVsize）,,150,鹿乃と宇崎ちゃん「宇崎ちゃんは遊びたい！」,DX 3 | DX 6 | DX 8 | DX 12
1119,Falsum Atlantis.,falsum atlantis.|艾伦走路人|亚特兰提斯|在海下面在海下面|虚伪的亚特兰蒂斯|亚特兰蒂斯|皇城刹那|刹那下海|水神8|fa|刹那|娜英|香草|faded|胃癌又闹|老婆,160,kanone,DX 4 | DX 8 | DX 12+ | DX 14
1118,LiftOff,liftoff|关电梯|起飞|dx四月雨|火箭|电梯下降|刑具|抬棺|发射|长角女孩|妙脆角|东云纺|赫拉0.5|妈呀阿卡伊,137,MAYA AKAI,DX 4 | DX 8 | DX 11+ | DX 13+
1117,No Limit RED Force,no limit red force|无限红|无限红力|无尽的赤红之力|红色电音极地大冲击,146,曲：本多友紀（Arte Refact）／歌：オンゲキシューターズ,DX 2 | DX 7 | DX 9+ | DX 12+
1116,ぱくぱく☆がーる,ぱくぱく☆がーる|江江炫饭|报菜名|江江|江江下锅|江江报菜名|江江今天吃什么|pac pac girl|大胃袋江子,121,曲：齋藤大／歌：珠洲島 有栖(CV：長縄 まりあ),DX 4 | DX 7 | DX 10 | DX 13
1115,Destr0yer,destr0yer|——口|destr🦌yer|标准d0|别急10|消除男|----------☀️◻|标d0|驱逐舰|神父|毁灭者|d0|终极闪光|方块头|destroyer|削除射线|削除光线|削除|界限突破|毁灭方块人|null|dx削除射线|一一一一一口|破坏者,90,削除 feat. Nikki Simmons,DX 2 | DX 7+ | DX 11 | DX 12+ ; STD 4 | STD 8 | STD 12 | STD 14
1114,神々が恋した幻想郷,神々が恋した幻想郷|东方南十字|众神眷恋的十字星|幻想乡|神恋|东十字|众神眷恋的幻想乡|testify|神都得意俺们屯|东十字星|青春版白南十字星|神仙稀罕俺们屯|终神眷恋的南十字|神眷|小南十字,155,Unlucky Morpheus,DX 2 | DX 7 | DX 10+ | DX 13
1111,悪魔の踊り方,悪魔の踊り方|恶魔|恶魔的舞蹈方式|恶魔踊|恶魔跳舞|👿👯|👁|👁️|恶魔跳舞的方式|踊方,106,キタニタツヤ,DX 2 | DX 6 | DX 9+ | DX 13
1110,失敗作少女,失敗作少女|失败作少女|我肯定|失败作|成功当男娘,235,かいりきベア・MARETU feat.初音ミク,DX 3 | DX 7 | DX 10 | DX 13
1109,U&iVERSE -銀河鸞翔-,u&iverse -銀河鸞翔-|银河鸾翔|银河鸞翔|鸾翔|金典有机奶|u&amp|iverse -銀河鸞翔-|3d白猫|银河拉翔|银河翱翔|universe|银河乱翔|银河飞翔|金牛奶|银河|银河卵翔|kop3rd预选曲|银河护卫队|😫|milk走路人|银河鸟翔,140,Kai VS 大国奏音 VS 水野健治,DX 5 | DX 9 | DX 12 | DX 14
1108,Yorugao,yorugao|犹如高|油乳膏|月光花|牙膏|夜颜|紫黑|有乳膏|牛肉干|有如皋|优乳膏|犹乳膏|屎|大便,182,An & Ryunosuke Kudo,DX 5 | DX 8 | DX 12 | DX 14+
1106,Alcyone,alcyone|昴宿六|古希腊掌管反手交互的神|alc|凯尔希|高丽,176,PRASTIK DANCEFLOOR,DX 4 | DX 7+ | DX 12 | DX 14
1102,マツヨイナイトバグ,マツヨイナイトバグ|蠢虫|待宵的萤火虫|绿色夜光虫|阿氯|萤火虫|绿色苍蝇|东方绿毛虫|莉格露|绿色女人|绿毛虫|苍蝇妹|绿毛龟|nightbug|绿头发,190,ビートまりおとまろん,DX 3 | DX 7+ | DX 10+ | DX 13+ | DX 14
1098,Technicians High,technicians high|蓝的盆|高科技|标准科技高|科技很高|科技高|dx科技高|科技,165,HiTECH NINJA,DX 5 | DX 8 | DX 11+ | DX 13 ; STD 4 | STD 7+ | STD 11 | STD 13+
1093,セカイはまだ始まってすらいない,セカイはまだ始まってすらいない|世界还没有开始|世界还未开始|天马司倒了,138,ピノキオピー / 初音ミク / ワンダーランズ×ショウタイム「プロジェクトセカイ カラフルステージ！ feat. 初音ミク」,DX 2 | DX 6 | DX 8+ | DX 12+
1089,アンビバレンス,アンビバレンス|言叶5|ambivalence|我喜欢阿瓦鲁|二律背反|矛盾心理|穿心,187,すりぃ×相沢,DX 4 | DX 7 | DX 10+ | DX 13 | DX 13+
1088,Southern Cross,southern cross|南方十字|特大|南十字星|全是交互|麦当劳1+1|南十字|南十字深深封印|噩梦之城|打交神曲|403|♂十字|守护南十字星|舞萌特大|🌟|1+1|一加一|打交|商场跑圈|舞立方体验票|星星保卫战|绕着商场跑一圈|鼓手模拟器|和ysk猜拳,171,403,DX 3 | DX 7 | DX 10+ | DX 13 | DX 13+
1087,廻廻奇譚,廻廻奇譚|灰灰鸡蛋|廻廻奇谭|奇谭|回回奇谈|保龄球|🤞|咒术回战|🎳|咒术回战主题曲|轮回奇谭|回回奇谭,185,Eve TVアニメ「呪術廻戦」第1クールオープニングテーマ,DX 4 | DX 7 | DX 9+ | DX 11+ | DX 13
1085,グッバイ宣言,"グッバイ宣言|扭手宣言|卡手宣言|886宣言|再见宣言|one,two|✌️👌|再会宣言|七濑玲奈",170,Chinozo,DX 2 | DX 7 | DX 9+ | DX 12+
1083,竹,竹|take|🎍|↑↓|ta↓ke↑|bamboo|屎|大便,150,立秋 feat.ちょこ,DX 5 | DX 8+ | DX 12 | DX 14
1080,テレキャスタービーボーイ,テレキャスタービーボーイ|电吉他说唱男孩|telecaster b-boy|♡|电吉他b男|比心|我爱你|tbb|电视广播员蜜蜂男孩|合体|bboy|telecaster b boy|pop子|telecaster,182,すりぃ,DX 2 | DX 7 | DX 9+ | DX 11+ | DX 12+
1079,NAGAREBOSHI☆ROCKET,nagareboshi☆rocket|流星火箭|火箭|那旮热博士|火箭猫猫|福瑞火箭|火箭福瑞|火箭猫|梅干茶渍|飞天兽太|小羊|像素猫猫,216,梅干茶漬け,DX 6 | DX 8 | DX 12 | DX 14
1076,とびだせ！TO THE COSMIC!!,とびだせ！to the cosmic!!|起飞|太空牛奶猫|とびだせ|女同13|とびだぜ|universe主题曲|新牛奶|飞向宇宙|缝合怪|牛奶3|牛奶2|宇宙牛奶|舞萌2023主题曲|压缩tpz|uni|uni主题曲|去宇宙|猫娘开飞船,185,t+pazolite feat. しゃま(CV:種﨑 敦美) & みるく(CV:伊藤 あすか),DX 4 | DX 8 | DX 12 | DX 13+
1075,脳天直撃,脳天直撃|脑天直击|脑天直寄|头部受到打击|脑天|脑花|脑瘫直击|生鱼片蘸芥末|脑瘫至极|nt|脑瘫,145,黒沢ダイスケ VS 穴山大輔,DX 5 | DX 8+ | DX 12+ | DX 14+
1074,宿星審判,宿星審判|审判|宿星|奏明天空|宿暗示|曹逸凡|星怒审判|雷电法王|竹雨|爱蜜莉雅|大慈树王|纳希坦|纳西妲|原神草神|宿星审判|宿|雅迪,189,suzu,DX 4 | DX 8 | DX 12 | DX 14
1073,Splash Dance!!,splash dance!!|五个音击小女孩|爽舞|水花之舞|泳装2|splash dance|飞溅之舞,155,曲：Q-MHz／歌：オンゲキシューターズ,DX 3 | DX 7 | DX 10 | DX 13
1072,MEGATON BLAST,megaton blast|百万吨爆炸|华尔兹2|mb|威震天爆炸|早濑优香|高濑梨绪|mfy|核爆|百万吨爆|优香|体操服优香|百万爆|爆,194,BlackY vs. Yooh,DX 5 | DX 9 | DX 12+ | DX 14
1070,BOUNCE & DANCE,bounce & dance|弹舞|弹力舞|又蹦又跳|小白兔|小星|弹跳|bounce＆dance|bounce dance,135,IOSYS TRAX,DX 3 | DX 7+ | DX 10 | DX 13+
1068,トラフィック・ジャム,トラフィック・ジャム|traffic jam|堵车|黄埔|交通堵塞|煮儿果实|黄谱|黄歌|交通阻塞|trafficjam|jam,130,煮ル果実,DX 2 | DX 6 | DX 9+ | DX 12+
1054,蒼穹舞楽,蒼穹舞楽|妍酱|苍穹|斗破苍穹|菅穹舞乐|苍穹舞乐|神里绫人,195,Capchii,DX 5 | DX 8 | DX 12+ | DX 13+
1052,トランスダンスアナーキー,トランスダンスアナーキー|trance|尬舞姐妹|女同9|trance dance anarchy,195,暁Records,DX 4 | DX 7+ | DX 10+ | DX 13
1051,ハウリング,ハウリング|黄灵梦|黄|yellow|howling|嚎叫,184,Liz Triangle,DX 3 | DX 7 | DX 9+ | DX 13
1049,Melody！,melody！|旋律|melody|美乐蒂|东方绚彩歌|马老弟,175,あ～るの～と（いえろ～ぜぶら）,DX 3 | DX 6 | DX 9+ | DX 12
1045,星めぐり、果ての君へ。,星めぐり、果ての君へ。|星果|星果君|星斗流转、赴你为终|星间巡游致尽头的你|🥺|星斗流转,175,TAKU1175 ft.駄々子,DX 4 | DX 7+ | DX 10+ | DX 12+ | DX 13
1041,ALiVE,alive|余华|嗷呜|活着|活,170,ClariS「リコリス・リコイル」,DX 3 | DX 7+ | DX 11 | DX 13
1040,ベースラインやってる？笑,ベースラインやってる？笑|lol|变态萝莉|bassline|什么什么笑|颜文字|女流氓|妹妹v50|痴女nanahira|学妹恰个v|女痴汉|笑|nanahira|舞时|妹妹恰个v|ななひら|要来段bassline吗？笑|w|baseline,128,かめりあ feat. ななひら,DX 2 | DX 7+ | DX 11 | DX 13
1037,幽霊東京,幽霊東京|幽灵东京|诱0东京|杨陵东京|幽灵京东|幽灵线东京|汐子|东京|黑子|幽灵北京,124,Ayase,DX 1 | DX 6 | DX 8+ | DX 12
1032,CO5M1C R4ILR0AD,co5m1c r4ilr0ad|514|⭐️奴|cosmic railroad|银河铁路|星怒铁道|宇宙铁路|水晶火车|银河铁道|星奴|火车头|星铁|宇宙铁道|星穹轨道|宇宙泥头车|railroad|雷切2|银河列车|五氧化碳|星穹铁道|崩坏星穹铁道|5140|铁路|co5|小杯,155,kanone,DX 4 | DX 8 | DX 11+ | DX 14
1031,みなえをチェック！,みなえをチェック！|美苗|口水歌|指挥棒|注目,178,小野 美苗(CV:伊藤 美来),DX 3 | DX 7+ | DX 10 | DX 13
1030,単一指向性オーバーブルーム,単一指向性オーバーブルーム|开花|单一指向性|单向性|单一|单一手癖性|大额头,158,葛城 華(CV:丸岡 和佳奈),DX 3 | DX 7 | DX 10 | DX 13 | DX 13+
1029,サヨナラフリーウェイ,サヨナラフリーウェイ|再见|再见高速公路|抑郁症|我有抑郁症,170,萩原 七々瀬(CV:東城 日沙子),DX 3 | DX 7+ | DX 9+ | DX 12+
1028,オーケー？　オーライ！,オーケー？ オーライ！|ok|3q|ok all right|？！,150,五十嵐 撫子(CV:花井 美春),DX 3 | DX 7 | DX 9 | DX 12+
1026,ハジマリノピアノ,ハジマリノピアノ|大灵通|yyut|钢琴|哈吉玛丽弄钢琴|最初的钢琴,190,ゆゆうた,DX 5 | DX 7+ | DX 10+ | DX 13+
1025,Sound Chimera,sound chimera|声音奇美拉|天使马杀鸡|小奇美拉|音奇美拉|奇美拉|奇美拉之声|himera|灵梦撒币plus,190,Laur,DX 4 | DX 8 | DX 12 | DX 13+
1024,もぺもぺ,もぺもぺ|恐怖小花|もペもペ|毛坯毛坯|恶心|小花|草|小花花|儿童金曲|早八早八|好船|小蓝花|闪光弹|小白船|毛八|儿童鞋垫|mope|毛八毛八|鞋垫|烟火大会|毛胚毛胚|宝宝金曲|电棍电棍|mopemope|儿歌|蓝花|四川变脸|儿童邪典,100,LeaF,DX 3 | DX 8 | DX 12+ | DX 13+
1023,Re：End of a Dream,re：end of a dream|re:end of dream|梦终|美女背靠背|百合|幻梦|re|梦结束|梦的终点|完梦|终梦|俩女人|女同4|reend|reendofadream|end of a dream|re end,212,uma vs. モリモリあつし,DX 6 | DX 8 | DX 12 | DX 14
1021,ロストワードクロニカル,ロストワードクロニカル|东方归言录|lostword|归言录|lost word chronicle|东方号哭|lw|东方lostword|归言录编年史,184,東方LostWord feat.いとうかなこ,DX 4 | DX 7 | DX 10 | DX 13
1020,KING,king|汉堡王|👑|姐就是女王|无名指抠牙|剔牙|浮游生物|小夫|无名指扣牙|burger king|霸者|王|哈哈你是王,166,Kanaria,DX 3 | DX 6 | DX 9+ | DX 13
1019,永遠にゲームで対戦したいキリタン,永遠にゲームで対戦したいキリタン|东北往事|切蒲英打电动|对战游戏|切蒲英|东北切蒲英|肝帝打不赢欧皇|猫耳|永远都想玩对战游戏的切蒲英|对战|永远|主播|永远对战|永远都想对战游戏,126,GYARI,DX 2 | DX 6 | DX 9 | DX 12+
1018,雨とペトラ,雨とペトラ|雨伞|☂|雨|雨与佩特拉|雨和佩特拉|伞|佩特拉,195,バルーン,DX 3 | DX 7 | DX 9 | DX 12
1012,Paradisoda,paradisoda|侧漏|苏打|天堂汽水|sp+主题曲|soda|天堂苏打|splashplus主题曲|splash+主题曲|苏打天堂|泳装乙姬|快乐水,135,魂音泉,DX 3 | DX 7 | DX 10+ | DX 13
1009,Desperado Waltz,desperado waltz|华尔兹|第三只手|华二|安塞腰鼓|亡徒华尔兹|噔噔噔|打鼓的小女孩|地雷,172,ぺのれり,DX 5 | DX 8 | DX 11+ | DX 14
1007,ポケットからぬりつぶせ！,ポケットからぬりつぶせ！|三小只|口袋涂鸦,126,曲：中山真斗／歌：マーチングポケッツ [日向 千夏(CV：岡咲 美保)、柏木 美亜(CV：和氣 あず未)、東雲 つむぎ(CV：和泉 風花)],DX 3 | DX 6 | DX 10 | DX 13
1006,BIRTH,birth|出生,176,llliiillliiilll,DX 3 | DX 7+ | DX 12+ | DX 14
1005,ワンダーシャッフェンの法則,ワンダーシャッフェンの法則|创造奇迹的法则|百合咲|炼铜法则|小萝莉法则|六翅一桶|小百合咲|小萝莉2|百合咲2|小扎萝莉|奇迹法则|萝莉棋法则|法则|萝莉法则,170,アリスシャッハと魔法の楽団,DX 4 | DX 7+ | DX 10+ | DX 14
1004,Regulus,regulus|大奈子罗兰|真空旗袍|热咕噜|雷古勒斯|大欧派姐姐|白法院鬼叫|狮子座α|大扎修女|大萝莉|八云蓝|白法院|大奶子|女萝莉|如龙4|奶子很大|天界大奶|轩辕十四|巨乳|瑞咕噜|ysk扭大腚|大奈子姐姐|大扔子|星锑,212,お月さま交響曲,DX 5 | DX 8 | DX 12 | DX 14+
1001,Sweet Requiem,sweet requiem|sr|镇魂曲|甜蜜镇魂曲|甜蜜安魂曲|灵梦转圈|塞钱|灵梦镇魂曲|红蓝灵梦|redandblue|甘美镇魂曲~永夜遐想,190,REDALiCE & aran,DX 4 | DX 7+ | DX 10+ | DX 13+
997,アスノヨゾラ哨戒班,アスノヨゾラ哨戒班|哨戒班2|dx烧鸡班|哨戒班|烧鸡班|dx哨戒班|明日的夜空哨戒班|小哨戒班,185,Orangestar,DX 4 | DX 7 | DX 9 | DX 12+
995,Grievous Lady,grievous lady|老弱病残女|痛苦的女士|生病的女人|病女|对立|gl|有病的女士|对立拉窗帘|伞对立,210,Team Grimoire vs Laur「Arcaea」,DX 5 | DX 8 | DX 12 | DX 14
994,Cyaegha,cyaegha|赛伊格亚|赛落图亚|完型填空|dabcabcaabcadbaa|绿魔王|塞伊格亚|咲弥|咲弥削吐司|完形填空|花绿青|古神语|赛洛图亚|dabcabcd|老婆,200,USAO「Arcaea」,DX 4 | DX 7+ | DX 11 | DX 13+
991,Virtual to LIVE,virtual to live|彩虹社|管人歌|彩虹社歌|管人痴|雨刷器|vtl|虚拟生活|雨刮器|上下反怒锤|虚拟到活|节拍器,156,にじさんじ,DX 3 | DX 6 | DX 8+ | DX 12 | DX 12+
990,Climax,climax|犀利麦克斯|犀利马克思|妖艳魔男|squirt|我有很多手指|阿莱乌斯|🐍🐳|魔男|高潮|stop play maimai|香草,190,USAO,DX 4 | DX 8 | DX 12 | DX 14
989,YURUSHITE,yurushite|逢坂茜|灼眼的夏娜|红酒杯|二郎腿|原谅我|犹如屎|黄鱼|犹如史|回娄底|萝莉喝酒|萨塔妮亚|萨塔妮娅|摇晃的红酒杯|红酒|杰斯顿|火神青春版|yuru****e|🍷|娄底人|匹诺康尼|原谅|逢板茜|逢坂茜上桌|嬲你妈妈别,270,t+pazolite,DX 5 | DX 8+ | DX 12 | DX 14
983,ベノム,ベノム|猛毒|达咩|咩|🙅|venom,152,かいりきベア,DX 4 | DX 6 | DX 9 | DX 12+
982,レーイレーイ,レーイレーイ|星野爱|荷珀|抓鬼|捉鬼|抓鬼星野爱|三色幽灵|幽灵|胡桃,188,かいりきベア feat.松下,DX 4 | DX 7+ | DX 10 | DX 13 | DX 13+
980,カラッポ・ノンフィクション,カラッポ・ノンフィクション|创世纪|彩色纪实文学|空白的非虚构故事,170,Ino(chronoize) feat. 柳瀬マサキ,DX 3 | DX 7 | DX 10 | DX 13+
977,デリヘル呼んだら君が来た,デリヘル呼んだら君が来た|粉毛|卡姿兰大眼睛|叫了应召女郎结果来的是你|呼君来|应召女郎,190,ナナホシ管弦楽団,DX 3 | DX 7 | DX 10 | DX 13
976,絶対にチョコミントを食べるアオイチャン,絶対にチョコミントを食べるアオイチャン|必须要吃薄荷巧克力味冰淇淋的琴叶葵酱|chocomint ice|薄荷巧克力冰淇淋|薄荷巧克力|琴叶葵|冰淇淋|冰淇凌|绝对|巧克力冰淇淋|绝对食|超级小喵|巧克力薄荷冰淇淋|牙膏|琴叶,140,GYARI,DX 2 | DX 6 | DX 9+ | DX 12+
975,お願いマッスル,,132,紗倉ひびき（CV:ファイルーズあい）＆街雄鳴造（CV:石川界人）「ダンベル何キロ持てる？」,DX 3 | DX 6 | DX 8+ | DX 12+
974,Mutation,mutation|木他神|仁王|变种|变化|mocation|突变|变异|木忒行|木糖醇|mtt,155,Laur,DX 5 | DX 8 | DX 12 | DX 14
973,Beautiful Future,beautiful future|雷炎|美好未来|大好前程|无一物啊啊|美丽未来|美味|美好的未来,172,PSYQUI,DX 4 | DX 8 | DX 10+ | DX 13+
972,Komplexe,komplexe|大黑姬|雄氏老方|kom|黑姬|黑姬唱歌|complex,165,雄之助 feat. Sennzai,DX 3 | DX 7+ | DX 11 | DX 13+
970,"≠彡""/了→","≠彡""/了→|绝赞熊|太空熊|机密a|宇宙迪拉熊|熊二|キミツアー|≠|kimitour|秘密计划A|三了|火箭熊|キミツア|绝赞天堂|星际传奇|→|心肺功能检查|不等于三引号斜杠了左箭头|立了|你跌来了|太空迪拉熊|你爹来咯|你爹来了",222,水野健治,DX 5 | DX 9 | DX 12+ | DX 14
965,felys -final remix-,felys -final remix-|风流韵事|飞叶子|开花歌|felys|非礼死|风流原神|fely|飞雷神|凤梨酥|菲利斯|菲莉丝|核艺味,180,onoken,DX 4 | DX 7+ | DX 10+ | DX 14
963,Jörqer,jörqer|别急1.5|pvq|qer|猫头鹰|jorqer|joker|小金熊|周可儿|j歌,98,owl＊tree feat.yu＊tree,DX 3 | DX 7 | DX 11+ | DX 13+
962,BATTLE NO.1,battle no.1|战斗，爽！|一战|聚众斗殴|战地一|战地1|tanoc|好多人|阿莫阿莫|打胶第一名|战斗爽|第一战|缝合怪|干架第一名|第一名|音游难忘今宵|14个男人|打架第一|打架第一名,200,TANO*C Sound Team,DX 6 | DX 8 | DX 12 | DX 14
961,悪戯センセーション,悪戯センセーション|大小姐|二小姐|大妹|恶戏sensation|淘气感觉|恶戏,192,森羅万象,DX 4 | DX 7+ | DX 9+ | DX 12+
960,乙女解剖,乙女解剖|解剖|乙女|紫璃|乙女姐婆,134,DECO*27,DX 2 | DX 6 | DX 8+ | DX 12
959,アンクローズ・ヒューマン,アンクローズ・ヒューマン|敬爱|玻璃心|unclosehuman|unclosed human|unclose human|里表情人2|永不落幕的人,178,作曲：カジャ　作詞：傘村トータ　編曲：ねじ式　調声：シリア,DX 3 | DX 7 | DX 9+ | DX 13
958,命に嫌われている,命に嫌われている|命嫌|被生命所厌恶|被生命厌恶|嫌命短|超羽天狼星|被生命所厌恶着|核客男神|嫌命长,200,カンザキイオリ,DX 3 | DX 7 | DX 10 | DX 12+
957,宛城、炎上！！,宛城、炎上！！|钠离子|宛城|赤赤|宛城炎上|炎上|enjo|enjou|大宇宙|a9|四大天王,175,Cranky feat.おもしろ三国志,DX 5 | DX 8+ | DX 12 | DX 13+
950,popcorn,popcorn|高松灯|企鹅警长|帝企哥|出警|企鹅物流|爆米花,130,happy machine,DX 3 | DX 7 | DX 9 | DX 13
949,はちみつアドベンチャー,はちみつアドベンチャー|蜂蜜冒险|はちみ|大小福瑞|蜂蜜adventure|蓝色侏儒小熊|小孩坐大车|熊妈妈|小孩开大车|哈基米,160,Yunomi feat.nicamoq,DX 4 | DX 7 | DX 10 | DX 12+
948,CHOCOLATE BOMB!!!!,chocolate bomb!!!!|cho爆炸|答辩2|巧克力炸弹|巧克力蚌埠|🍫💣|巧克力爆,190,YUC'e,DX 4 | DX 8 | DX 11+ | DX 13+
945,Witches night,witches night|恋恋|东方紫发女|古明地恋|魔女的夜|魔女之夜,154,Liz Triangle,DX 3 | DX 6 | DX 9 | DX 12+
943,全力ハッピーライフ,全力ハッピーライフ|全力|全力幸福生活|全力哈皮|全力happylife|吉他女神2|铃仙|全力幸福|🐰👋|兔女郎鱼尾,190,森羅万象,DX 4 | DX 7 | DX 10 | DX 12+
942,封焔の135秒,封焔の135秒|激烈的战斗场面|封焰的135秒|大战老头|封焰的135|封焰135|老头大战少女|135|橘优羽|封烟|封焰的2分15秒|封焰|135秒|美国大选|间奏の135秒|琴柳大战赫拉格|机厅着火|夏天的机厅|激烈的打架场景,200,大国奏音,DX 5 | DX 8+ | DX 12+ | DX 14+
941,GRÄNDIR,grändir|德文|瓜点|gr|grandir|甘地,170,Rigel Theatre feat. ミーウェル,DX 4 | DX 7+ | DX 11 | DX 13+
931,Catch the Wave,catch the wave|10|抓波浪|歌姬计划|抓浪|ctw|👆🏻👌🏻|抓波,153,livetune,DX 3 | DX 6 | DX 9+ | DX 12
928,CHAOS,超死|傻逼|大粪|屎|粪便|超市,150,Æsir「Cytus Ⅱ」,DX 5 | DX 7+ | DX 11+ | DX 13+
920,KILLER B,killer b|王女|杀人蜂|杀手b|果然敌人|杀b,130,梅とら「#コンパス」,DX 3 | DX 6 | DX 10 | DX 12+
919,グラーヴェ,グラーヴェ|hello|grave|嘟嘟嘟,185,niki「#コンパス」,DX 3 | DX 7 | DX 9+ | DX 12+
918,バイオレンストリガー,バイオレンストリガー|jerry|危险扳机|暴力扳机|陶大冲|扳机|暴力板机|暴力拆机|杰瑞|megumegu,196,八王子P「#コンパス」,DX 5 | DX 7+ | DX 10 | DX 13
917,クレイジー・ビート,クレイジー・ビート|crazybeats|狂热节拍|狂乱节拍|双人蹦迪|crazybeat|crazy beat|致命节奏|疯狂节拍,130,さつき が てんこもり「#コンパス」,DX 3 | DX 6 | DX 9+ | DX 12+
916,タテマエと本心の大乱闘,タテマエと本心の大乱闘|本心大乱斗|本心|场面话与真心的大乱斗|大乱斗|椿批金曲|蓝原椿,180,曲：鯨井国家／歌：藍原 椿(CV：橋本 ちなみ),DX 5 | DX 7+ | DX 10 | DX 12+
915,UTAKATA,utakata|亚索|拔刀|泡沫|维吉尔,185,曲：ゆよゆっぺ／歌：九條 楓(CV：佳村 はるか),DX 4 | DX 7 | DX 9 | DX 12+
914,最強 the サマータイム!!!!!,最強 the サマータイム!!!!!|泳装|最强,178,曲：村カワ基成／歌：オンゲキシューターズ,DX 4 | DX 7 | DX 9+ | DX 12+
913,Valsqotch,valsqotch|征服|do_while|金色奶龙|别急7|kop1|迪拜熊|大金熊|熊大|熊熊|金库玛|银币|金色滴蜡熊|金熊|黄金滴蜡熊|世界华尔兹|金夏阳|黄金熊|黄金迪拉熊|金色迪拉熊|金迪拉熊|金熊惨案|ysk痛失首赢|kop2019决赛曲,125,owl＊tree feat.chi＊tree,DX 6 | DX 8+ | DX 13 | DX 14+
909,Black Lair,black lair|黑巢|bl|公主斗恶龙|黑骗子,150,削除 feat. void (Mournfinale),DX 5 | DX 8 | DX 11 | DX 13+
905,アンドロイドガール,アンドロイドガール|安卓少女|仿生少女|安卓女|琪亚娜|安卓女孩|androidgirl,192,DECO*27,DX 4 | DX 7+ | DX 10 | DX 12+
903,だから僕は音楽を辞めた,だから僕は音楽を辞めた|团长|エイミー|放弃音乐|于是我放弃了音乐|所以我放弃了音乐|奥尔加|仆音乐辞|音辞|音乐辞,150,ヨルシカ,DX 2 | DX 6 | DX 8+ | DX 12+
901,ヤミツキ,ヤミツキ|痴迷,208,MARETU,DX 4 | DX 7 | DX 10 | DX 12+
900,モ°ルモ°ル,モ°ルモ°ル|morumoru|毛儿|么么|蹦蹦炸弹|毛儿毛儿|毛肚儿毛肚儿|摸了摸了|モルモル,176,sasakure. UK,DX 6 | DX 8 | DX 12 | DX 13+
898,ここからはじまるプロローグ。,ここからはじまるプロローグ。|从此开始的序章|从现在开始的序曲|小狐狸|福瑞举剑|prologue|小生煎|口口一夕|兽太|福瑞小英雄|猫圣剑|电子福瑞|由此开始的序章|序章|福瑞控|小圣剑|小福瑞|像素福瑞|像素圣剑|圣剑0|prologue starting|福瑞勇者|狐狸剑|松鼠|序言|福瑞救老婆|小福瑞找对象|从这里开始的序章,182,ああああ,DX 4 | DX 7+ | DX 10+ | DX 13
896,Bad Apple!! feat.nomico (REDALiCE Remix),bad apple!! feat.nomico (redalice remix)|小红的烂苹果|badappleremix|dx坏苹果|坏苹果3|红苹果|烂苹果remix|🍎|坏苹果remix|烂苹果3|小红坏苹果|坏苹果蹦迪版|烂苹果,170,Masayoshi Minoshima × REDALiCE,DX 3 | DX 7 | DX 10 | DX 12+
894,立川浄穢捕物帳,立川浄穢捕物帳|青岛侦探事务所|青岛市公安局|立川净秽捕物帐|立川|捕物帐,210,青島探偵事務所器楽捜査部B担,DX 4 | DX 7+ | DX 11 | DX 13+
893,BOKUTO,bokuto|→↓→↓→↓→↓|破裤头|剥裤头|波裤头,188,じーざすP feat.kradness,DX 4 | DX 7 | DX 11 | DX 13
892,幾望の月,幾望の月|几望月|几望|几望之月|望月|几望的月,276,なきゃむりゃ,DX 4 | DX 7+ | DX 10+ | DX 12+
891,サヨナラチェーンソー,サヨナラチェーンソー|再见电锯|电锯缘兔|电锯人|电锯|再见了电锯,154,くらげP,DX 4 | DX 6 | DX 9+ | DX 12
890,アポカリプスに反逆の焔を焚べろ,アポカリプスに反逆の焔を焚べろ|于启示录上燃烧的叛逆火焰|反逆|apocalypse rebellious|在启示录上点燃叛逆的火焰|反逆焰|800块|八百块钱,222,cosMo＠暴走AlterEgo,DX 7 | DX 8 | DX 12 | DX 14
889,TEmPTaTiON,temptation|小萝莉|百合咲|dy|小天使|塔铺忒深|引诱|mika|轻语|肯德基六翅桶|诱惑|百合咲低语|小萝莉的诱惑|百合咲mika|小萝莉耳语|肘击百合咲|man|曼巴|temp,160,かねこちはる,DX 6 | DX 8 | DX 12+ | DX 14+
886,太陽系デスコ,太陽系デスコ|太阳系disco|👇🏻😐👆🏻👇🏻😐👆🏻|太阳系|太田顺也|太阳系迪斯科,150,ナユタン星人,DX 4 | DX 6 | DX 9+ | DX 12
884,管弦楽組曲 第3番 ニ長調「第2曲（G線上のアリア）」BWV.1068-2,管弦楽組曲 第3番 ニ長調「第2曲（g線上のアリア）」bwv.1068-2|g弦上的咏叹调|二长调|妹妹拉小提琴|小女孩齐打交|管弦乐|管弦乐组曲|g弦|地雷,180,月鈴 那知（ヴァイオリン） 伴奏：イロドリミドリ,DX 5 | DX 7+ | DX 10 | DX 13+
883,Agitation！,agitation！|agi|gbc|吉他姐2,163,舞ヶ原高校軽音部,DX 5 | DX 7 | DX 10 | DX 12
881,Yakumo >>JOINT STRUGGLE (2019 Update),yakumo >>joint struggle (2019 update)|2019|八云一家|八云紫|压裤摸|八云|yakumo|八雲,187,くっちー (DARKSIDE APPROACH),DX 4 | DX 7+ | DX 11 | DX 13+
880,"Little ""Sister"" Bitch","little ""sister"" bitch|小妹妹臭婊子|bitch|lsb|婊子|小婊子|小婊妹|小sb|碧池|小标志|小姐姐",185,t+pazolite,DX 4 | DX 7+ | DX 11 | DX 13+
879,Titania,titania|踢他奶|蓝毛萝莉|体坛|江江|江江比✌️|qqn比耶|天卫三|tinan|双色球|缇坦妮娅|踢他娘|✌|泰坦尼亚|江江比耶|✌🏻|✌️|☁🐼✌|蓝毛小萝莉|二氧化钛|踢她娘|有栖,212,xi,DX 6 | DX 8 | DX 12 | DX 14+
878,玩具狂奏曲 -終焉-,玩具狂奏曲 -終焉-|玩具|玩具狂奏曲|别急23|第五人格|玩具狂奏曲-终焉-|出生狂奏曲,130,きくお,DX 5 | DX 8 | DX 13 | DX 13+
876,福宿音屋魂音泉,福宿音屋魂音泉|魂音泉|福州温泉|福州男同|敬业福,162,魂音泉,DX 4 | DX 7 | DX 10+ | DX 13
872,アマツキツネ,アマツキツネ|天狗|兰立忠|👍😁👍|刻俄柏|天狐,190,まらしぃ,DX 2 | DX 7 | DX 9 | DX 11+
871,星屑ユートピア,星屑ユートピア|星屑乌托邦|星屑,240,otetsu,DX 3 | DX 7 | DX 10+ | DX 12+
870,骸骨楽団とリリア,骸骨楽団とリリア|👉🏻😕👈🏻|骸骨|莉莉亚|骸骨乐团|骸骨乐团与莉莉亚|腿子,260,トーマ,DX 3 | DX 7+ | DX 11 | DX 13
869,デンパラダイム,デンパラダイム|denparadigm|木棍入侵正方形他家|电波|传送带|电波范式|电波模范,220,lumo,DX 3 | DX 7+ | DX 11+ | DX 13
866,だれかの心臓になれたなら,だれかの心臓になれたなら|如果能成为谁的心脏的话|如果能成为谁的心脏|心脏|想要成为谁的心脏,145,ユリイ・カノン,DX 3 | DX 6 | DX 9 | DX 11+
865,グリーンライツ・セレナーデ,グリーンライツ・セレナーデ|魔法未来2018|绿光|绿光小夜曲|墨芷|绿灯小夜曲|绿灯,200,Omoi,DX 3 | DX 7 | DX 10 | DX 12+
864,METEOR,meteor|流星|陨石,170,DIVELA,DX 3 | DX 7 | DX 9 | DX 12
863,Blows Up Everything,blows up everything|爆|6级白谱|吹|吹爆|bue|吹爆一切|拆爆|嘿嘿歌|吹吹爆|全都可以炸完！,215,USAO,DX 5 | DX 9 | DX 11+ | DX 13+ | DX 14
859,Jump!! Jump!! Jump!!,jump!! jump!! jump!!|跳跳跳|jump|芳文跳|跳三下|元气少女蹦蹦蹦|三蹦子,183,曲：宮崎誠／歌：オンゲキシューターズ,DX 3 | DX 7 | DX 9 | DX 12
858,アカリがやってきたぞっ,アカリがやってきたぞっ|来了哦|akari|来了哟|阿卡莉|绁星灯|akari来了哦|来了|阿卡丽|小灯,136,GYARI,DX 3 | DX 6 | DX 10 | DX 12+
857,STARTLINER,startliner|音击|キミト|内鬼|きみと|君と|wifi满格|起跑线,135,曲：kz(livetune)／歌：オンゲキシューターズ,DX 2 | DX 6 | DX 9 | DX 11+ | DX 12
856,イカサマライフゲイム,イカサマライフゲイム|预言小丑|人生游戏|lifegame|虚伪人生游戏|骗人的人生游戏|骗人的lifegame|作弊生存游戏|骗人的生命游戏|骗人的life game,200,kemu,DX 4 | DX 7+ | DX 10+ | DX 12+
854,ナイト・オブ・ナイツ (Cranky Remix),ナイト・オブ・ナイツ (cranky remix)|nok2|夜骑|咲夜|夜骑remix|盗版夜骑|夜骑2|cranky夜骑|night of knights|dx夜骑|cranky也要当夜骑|十六夜咲夜|nok|remix夜骑,180,ビートまりお × Cranky,DX 4 | DX 7 | DX 10 | DX 13
852,メルティランドナイトメア,メルティランドナイトメア|春卷饭|可爱歌|melty|meltyland|梦魇|小粉|melty land nightmare|原子能酸菜,140,はるまきごはん,DX 2 | DX 6 | DX 8+ | DX 11+
851,メルト,メルト|简笔画|melt|融化|熔化|x儿卜|叉儿卜|溶解,170,supercell,DX 3 | DX 6 | DX 8+ | DX 11+
847,超常マイマイン,超常マイマイン|咕噜咕噜|超常滴蜡熊|超常|大逼圈入门曲|超常maimai|旋转迪拉熊,178,ナユタン星人,DX 3 | DX 7 | DX 10 | DX 12+ | DX 13+
844,MAXRAGE,maxrage|暴怒|红按钮|极怒|😡|超雄|绝赞交互|迪卢克按按钮|樱雨|红温|迪卢克|满怒|超级生气|好生气|良怒2|红色重启|迪卢克按地雷|核按钮|巨他妈生气|小七|很生气|极限红温|气炸了|迪卢克按炸弹|气炸|狂怒|急怒|续标识|麻油按按钮,222,EBIMAYO ,DX 5 | DX 7+ | DX 11 | DX 13+ | DX 14
842,Secret Sleuth,secret sleuth|ss|兔爷快乐歌|言叶2|秘密侦探|咪咪蒸蛋,288,島爺×蜂屋ななし,DX 2 | DX 7 | DX 10+ | DX 13 | DX 13+
841,BLACK ROSE,black rose|黑玫瑰|迪卢克|黑肉丝,145,S!N・+α/あるふぁきゅん。×ALI PROJECT,DX 2 | DX 6 | DX 9+ | DX 12
839,PANDORA PARADOXXX,pandora paradoxxx|潘多拉|最水15|天苍苍野茫茫|天苍苍野茫茫风吹草低见牛羊|kop5决赛二号曲|随个15|潘|今日舞萌|kop5官方严选|100日元|天苍苍，野茫茫，风吹草低见牛羊|新手教程|噔噔|很急|推荐乐曲排行榜|舞状元|原神|水15|潘多拉悖论|xxx|pp|特朗普和黄仁勋拼机|我有玉玉症|天苍苍|潘多拉魔盒|我有抑郁症|15级吃分推荐榜1|最简单15|盘,150,削除,STD 7+ | STD 11 | STD 13+ | STD 14+ | STD 15
838,the EmpErroR,the emperror|↗️↘️↗️|钢琴冒烟的艺术家|皇帝|两小儿跳棋|农夫山泉|emperror|跳棋|👫|跳一跳|vinta|siesta|东海帝皇|俩跳棋|电子脉冲错误|西瓜皮|nenene|爱神|怡宝和农夫山泉|锅盖头跳棋|电磁脉冲错误|皇|农夫山泉和怡宝|刘禹锡|the emperor|刘禹锡三年理白帝|我的苦爱|emperor|jmt,240,sasakure.UK,STD 5 | STD 10+ | STD 13 | STD 14+ | STD 14+
837,雷切-RAIKIRI-,雷切-raikiri-|噔噔噔噔|两把刀|影刃|纯粹的强大|地雷女切手手|梦想一心|雷切|你们怎么解读出我和他切割的,165,kanone,STD 7 | STD 9 | STD 12+ | STD 14+ | STD 14+
835,Alea jacta est!,alea jacta est!|魂5|avemujica|黑人击剑|🤺|木已成舟|骰子已经掷下|宝可梦剑盾|aj|农具打架|求求你们不要再打啦|科比肘击詹姆斯|骰子已被掷下|孤注一掷|击剑|2025春晚|种植园纷争|黑人打架|aje|打架|种植园纠纷|黑人打胶|🗿|白人打架|种植园争端|你们不要再打辣|覆水难收|破釜沉舟|黑人,162,BlackY fused with WAiKURO,STD 7 | STD 9+ | STD 12+ | STD 14 | STD 14+
833,QZKago Requiem,qzkago requiem|茄子|巧克力大战香子兰|🍆|嵯峨大战凯尔希|茄子卡狗|猫中毒|哪吒大战敖丙|两只猫打架|茄|凯尔希大战嵯峨|白毛貓耳樣の敗北|猫猫打架|毒牛奶|猫咪打架|猫娘打架|假奶害死猫|安魂曲|羊村守护者11|w4喜羊羊对战彩框喜羊羊|喜洋洋与灰太狼|🍆💳🐶|喜羊羊vs暗黑喜羊羊|毒牛奶害人不浅|垃圾桶安魂曲|茄皇|mr为什么能自选两首|fantastic clear!|qz|雅迪|黑猫打白猫|gdp2|铃芽之旅|猫打架|牛奶2|对立大战光光,257,t+pazolite,STD 7 | STD 10+ | STD 13 | STD 14+ | STD 14+
832,End Time,end time|endtime|et|终时|伊岛|终焉时刻|最后的老时|终章|结束啦|终焉之时|终末之时|雅迪,180,Cres.,STD 5 | STD 9 | STD 12+ | STD 14+
829,Imperishable Night 2006 (2016 Refine),imperishable night 2006 (2016 refine)|灵梦玩火|永夜抄2006|2006|2016|永夜抄,161,ゆうゆ / 篠螺悠那,STD 5 | STD 8+ | STD 12 | STD 13+
827,最終鬼畜妹フランドール・S,最終鬼畜妹フランドール・s|二小姐|蓝蓝路|最终鬼畜妹|鬼畜妹|二妹|最终鬼畜妹s|最终鬼畜妹芙兰朵露,200,ビートまりお(COOL＆CREATE),STD 4 | STD 7+ | STD 11 | STD 12 | STD 13+
826,Altale,altale|tga年度最佳|开心的小曲儿|别急2|阿泰尔|机器人|削除的电线|你先别急|机器人钓鱼|电线|漏电电线|天线,90,削除,STD 4 | STD 8 | STD 12 | STD 13+
824,命ばっかり,命ばっかり|命没|沙发太|蓝色男人坐沙发|只有命|只为生命|命|全是命,128,ぬゆり,STD 4 | STD 7+ | STD 10 | STD 12+
821,Lost Princess,失落公主,150,ペコリーヌ（M・A・O）、コッコロ（伊藤美来）、キャル（立花理香）「プリンセスコネクト！Re:Dive」,STD 4 | STD 7 | STD 10 | STD 11 | STD 12
819,true my heart -Lovable mix-,true my heart -lovable mix-|真我心|打电话,135,ave;new feat.佐倉紗織,STD 4 | STD 7 | STD 10 | STD 12
817,ラブって♡ジュエリー♪えんじぇる☆ブレイク！！,ラブって♡ジュエリー♪えんじぇる☆ブレイク！！|快盗天使break|刺猬,238,あべにゅうぷろじぇくと feat.天月めぐる＆如月すみれ「ツインエンジェルBREAK」,STD 6 | STD 8 | STD 11+ | STD 13
816,奏者はただ背中と提琴で語るのみ,奏者はただ背中と提琴で語るのみ|月玲那知|月玲妹妹躺沙发|美少女躺沙发|奏者|奏者背后的提琴在说话|提琴,230,月鈴 那知(CV:今村 彩夏),STD 7 | STD 9 | STD 12 | STD 13+
815,イロトリドリのメロディ,イロトリドリのメロディ|小仏凪|彩绿之歌|多彩旋律|端茶,140,小仏 凪(CV:佐倉 薫),STD 3 | STD 7 | STD 10+ | STD 12+
814,-OutsideR:RequieM-,-outsider:requiem-|拉面|🍜|妹子嗦面|outsider|嗦拉面|吃面|我和我的泡面|杯面|泡面|阿梓喵吃面|吃拉面|吃泡面|猫吃面,181,箱部 なる(CV:M・A・O),STD 4 | STD 7+ | STD 11 | STD 13+
813,White Traveling Girl,white traveling girl|wtg|白旅女|白色旅行女孩|白色旅行少女|萃香|西瓜fumo|白色旅人,154,A-One,STD 4 | STD 7+ | STD 10+ | STD 13
811,【東方ニコカラ】秘神マターラ feat.魂音泉【IOSYS】,【東方ニコカラ】秘神マターラ feat.魂音泉【iosys】|秘神摩多罗|东方〇起|东方勃起|见前|秘神,168,ARM (IOSYS),STD 5 | STD 8 | STD 11+ | STD 13
808,Kattobi KEIKYU Rider,kattobi keikyu rider|收到|电车妹|京急线|叮叮叮|丁丁电车|京急|电车骑士|五块钱|电车娘|电车|京急电车|松江有轨|列车|叮叮叮叮叮|爱上火车|叮叮电车|丁丁车|叮叮车|呦西哟西|京急电铁|电车难题|新干线|叮叮,220,Sampling Masters MEGA,STD 7 | STD 9 | STD 13 | STD 13+
794,TiamaT:F minor,"tiamat:f minor|白豆|提亚马特|tfboys|黑神话|绝赞交互|猩猩歌|大猩猩|提提，提提提|手感提|猩猩比|提一提|黑神话悟空|m t:f|tiama t:fboys|🦍🦍,🦍🦍🦍|🦍|提亚玛特|tf|健身教练|泡泡玛特|ttf|猩手教程|提|提提，提提提！|猩猩|tf boys|猩|提暗示|提暗示？|提提提|提你妈|不要再提了",215,Team Grimoire,STD 7 | STD 10 | STD 13 | STD 14+
793,セイクリッド　ルイン,セイクリッド ルイン|肾虚|太鼓达人|圣灭|圣墟,186,Drop＆祇羽 feat. 葉月ゆら「太鼓の達人」より,STD 7 | STD 9+ | STD 12+ | STD 13+
792,Scarlet Lance,scarlet lance|麒麟X夜刀|红烧狮子头|朗基努斯之枪|红色紧身裤|狗含剑|红叉|火枪|斯卡雷特开源|红枪|叉子|朗基努斯枪|斯卡雷特开元|狗罕见|苍响|红温叉子|狗叼戟|sl|戟,185,MASAKI（ZUNTATA）「グルーヴコースター 3EX ドリームパーティー」より,STD 6 | STD 9 | STD 12+ | STD 14
791,極圏,極圏|sdvx|極圈|急圈|🐔⭕|极圈|只因圈|寄圈|🐔⭕️|鸡圈|肌肉奶龙|鸡犬|NTR|黄毛|人妻,207,cosMo VS dj TAKA「SOUND VOLTEX」より,STD 6 | STD 9 | STD 12+ | STD 14
789,ロキ,ロキ|roki|洛基|嘴巴吃烤串|口干|ruaki|㕩|口≠|口丰|信者|口不等号|口半,150,みきとP,STD 4 | STD 8 | STD 10+ | STD 11+ | STD 13
788,ヒバナ,ヒバナ|匕八十|大狙架miku|狙击初音未来|狙击初音|匕八卜|七八十|fufu遇刺|火花|hibana|k杀|爆头初音|初音未来被爆头|初音爆头|tsubaki|大狙架初音|7810|狙击fufu|大狙怼脸|狙初音|狙击小日本|狙击miku|大狙架fufu,200,DECO*27,STD 5 | STD 8 | STD 11 | STD 12 | STD 13
786,ネ！コ！,ネ！コ！|nero|neko|流浪猫之心|野良猫|ne！ko！|节粮猫|zood|猫|ネコ|咪咪,182,パトリシア・オブ・エンド(CV：高森奈津美)、黒木 未知(CV：仙台エリ)、夕莉 シャチ(CV：浅川悠)、明日原 ユウキ(CV：種﨑敦美)「ノラと皇女と野良猫ハート」,STD 5 | STD 7+ | STD 10+ | STD 12+
784,My First Phone,my first phone|爷の手机|别急20|中二的雨|手机|电话|☎️|小灵通|我的第一部手机|别急3|座机|👴的第一部手机|我的手机|我的第一个手机|iPhone15ProMax,114,cubesato,STD 6 | STD 8+ | STD 12+ | STD 13+
783,怒槌,怒槌|怒锤|😡👊|该罚|愤怒的锤子|ikazuchi|努吹|梅西哥打交|怒捶|😡🔨|神之一锤|屎|初代大便|怒怒|理财产品|把你妈妈抓走|怒！！,200,光吉猛修,STD 7 | STD 9+ | STD 13 | STD 14+
782,SILENT BLUE,silent blue|水晶迪克|sb|↓↑|乙醇姬|色篮|静蓝|蓝绿|四块钱|默蓝|静谧的蓝|水神9,210,かねこちはる,STD 6 | STD 8+ | STD 12+ | STD 14+
781,フィクサー,フィクサー|黑山羊吃席|fixer|修人|黑暗海底谭|牛头人喝酒|黑山羊,135,ぬゆり,STD 4 | STD 7+ | STD 10 | STD 13
780,はやくそれになりたい！,はやくそれになりたい！|音街鳗|音街|😫|想快点成为那个样子|i wanna be it|蓝瓶尖叫|想快点变成那个样子,185,キノシタ feat. 音街ウナ,STD 6 | STD 8 | STD 10+ | STD 11+ | STD 13
778,このふざけた素晴らしき世界は、僕の為にある,,152,n.k,STD 4 | STD 7+ | STD 10+ | STD 12+
777,花と、雪と、ドラムンベース。,花と、雪と、ドラムンベース。|雪鸡|花雪一堆日本字|冬之花|别急6|花😋、雪🤤、😘😨🥵🤢😈🤣😅。|四月的雪|舞萌金曲|快慢刀|🌸❄️|六块钱|🌸1⃣️🛞|花一轮|雪球|花雪|昭和金曲|花，雪和bass|花花花花花花一轮|🌸①🛞|间奏9秒|昭和女人|ktv金曲,180,kanone feat. せんざい,STD 6 | STD 8+ | STD 12+ | STD 14 | STD 13+
773,We Gonna Journey,we gonna journey|wgj|我们要旅行|王国军|我们去旅行|红色长角|我们去旅游|我与神祖共旅行,160,Queen P.A.L.,STD 7 | STD 9 | STD 12+ | STD 13+
772,あねぺったん,あねぺったん|便当|假酒|月铃姐妹|姐姐好平|醋溜便当|彩绿便当歌,180,月鈴姉妹(イロドリミドリ),STD 5 | STD 8 | STD 10+ | STD 13
771,なるとなぎのパーフェクトロックンロール教室,なるとなぎのパーフェクトロックンロール教室|冒牌⑨|摇滚教室|箱部鸣与小佛凪的完美摇滚教室|琪露诺的完美算数教室|⑨|中二教室|数学教室|彩绿琪露诺,216,イロドリミドリ,STD 6 | STD 7+ | STD 11 | STD 13+
770,"Help me, あーりん！","help me, あーりん！|救我|帮我阿李安|帮我|帮帮我|月铃姐妹|彩绿永琳|教我，永琳！|erin！erin！",183,イロドリミドリ,STD 5 | STD 7+ | STD 10+ | STD 12+
769,進捗どうですか？,進捗どうですか？|进步|进度如何|进展如何|进度|八云橙|进度怎么样了,199,sumijun(Halozy) feat. ななひら(Confetto),STD 6 | STD 8+ | STD 11 | STD 13+
768,アマノジャクリバース feat. ｙｔｒ,アマノジャクリバース feat. ｙｔｒ|🚸|天邪鬼反转|0梦过马路|天邪鬼|灵梦过街|ytr|过马路|灵梦过马路,160,魂音泉,STD 5 | STD 8 | STD 11 | STD 13+
766,サドマミホリック,サドマミホリック|灵梦撒钱|灵梦撒币|撒币|撒币的灵梦|灵梦撒比,200,ビートまりお（COOL&CREATE）,STD 6 | STD 8+ | STD 11+ | STD 12 | STD 13
762,Xevel,xevel|邪恶vel|宵崎奏|女人唱歌男人死|健身房|女鬼小气走|黑白双gay|希尔薇|累死人不偿命|叉evel|苦命鸳鸯|希沃|高塔|X,176,Tatsh,STD 5 | STD 8+ | STD 12+ | STD 14
760,ミラクルペイント,,215,OSTER project,STD 5 | STD 7 | STD 10+ | STD 13
758,初音ミクの激唱,初音ミクの激唱|鸡场|初音未来的激唱|🐔🎤|姬昌|机场|激唱|大葱天使|暴走p的激唱|初音未来激唱,200,Storyteller,STD 7 | STD 8+ | STD 12 | STD 14
757,おねがいダーリン,おねがいダーリン|拜托了，亲爱的|拜托了原神|拜托了darling|拜托了亲爱的|one,180,ONE (song by ナナホシ管弦楽団),STD 5 | STD 7 | STD 11 | STD 12+
756,彗星ハネムーン,彗星ハネムーン|彗星|彗星蜜月,145,ナユタン星人,STD 4 | STD 7 | STD 10 | STD 12
755,インビジブル,インビジブル|透明人|invisible|透明人间|建筑工地,192,kemu,STD 6 | STD 8 | STD 11 | STD 12 | STD 13+
754,larva,larva|蓝色尖锐湿疣|雪降雨|龟头结冰|岩浆|冰|拉完|神之震惊|辣蛙|拉瓦|幼虫|pupa2|源石虫|虫|＝⚡️★|萨菲|青泥石|区|蛆|说的道理,202,ガリガリさむし,STD 7 | STD 9 | STD 12+ | STD 14+
748,Brain Power,brain power|观星|脑力|bp|佐助|圣诞老头|地精老头|bass kick|o-oooooooooo|脑力量|地精小老头|o-ooooooo aaaa-e-a-a|地雷,170,NOMA,STD 5 | STD 8+ | STD 11+ | STD 13
747,Seyana. ～何でも言うことを聞いてくれるアカネチャン～,seyana. ～何でも言うことを聞いてくれるアカネチャン～|seyana|不管说什么都在听着的琴叶茜酱|小茜|说的事呢|sodayo|akane|琴叶茜,144,GYARI,STD 4 | STD 7+ | STD 10+ | STD 13
745,World Vanquisher,world vanquisher|mother vanquisher|金手指|😎👆|奶龙征服者|wv|世界征服者|🤓☝️|手感噔噔|中二谭|春晚2|噔噔噔噔噔|世征|春晚机器人|三点饮茶|威猛先生|秧歌bot|春晚机器人舞|☝️|林楠|🤓☝|🤓👆|中二送披萨|🤓☝🏻|2025春晚|我的碗筷洗|市政|切比|噔噔噔|mothervanquisher,170,void (Mournfinale),STD 6 | STD 9+ | STD 12+ | STD 14
744,Session High⤴,session high⤴|↗️|⬆️|⤴️|↑,200,イロドリミドリ,STD 6 | STD 7+ | STD 10+ | STD 12+
743,ENERGY SYNERGY MATRIX,energy synergy matrix|标esm|esm|沙雕猫|esm跑|神经猫|恶俗猫|饿死猫|跑路猫|dxesm|傻吊猫|dxesm跑|邮政|一只猫拖着另一只猫跑,160,Tanchiky,DX 4 | DX 8 | DX 11 | DX 13 ; STD 6 | STD 7+ | STD 13 | STD 13+
741,LOVE EAST,love east|爱东方|转转|爱东|爱吃,168,暁Records,STD 5 | STD 7 | STD 10+ | STD 12+
740,妄想感傷代償連盟,妄想感傷代償連盟|海底谭难民营|阿姨压一压|代偿联盟|盲肠肝脏大肠年龄|鬼|妄想|妄想感伤代偿联盟|啊咿呀咿呀|联盟|妄想感伤|盲肠肛肠大肠联盟|ghost|妄伤|小海底谭|初音未来防毒面具|dscf|mkdr|初音未来蹲大牢|阿姨压一压～,110,DECO*27,STD 3 | STD 7 | STD 9+ | STD 11 | STD 13
739,アウターサイエンス,アウターサイエンス|次の|界外科学|outer science,195,じん,STD 5 | STD 8 | STD 12+ | STD 13
738,バレリーコ,バレリーコ|芭蕾舞者|照镜子|芭蕾,150,みきとP,STD 5 | STD 7 | STD 10+ | STD 12+
737,フリィダム ロリィタ,フリィダム ロリィタ|洛丽塔|喂饭|嘘嘘|喂美少女嘘嘘|自由洛丽塔|自由的洛丽塔|freedom lolita,150,ねじ式,STD 5 | STD 7 | STD 10 | STD 12+
736,シャルル,シャルル|汁儿儿|三力儿儿|查尔斯|夏露露|charles,145,バルーン,DX 3 | DX 6 | DX 9 | DX 11 ; STD 5 | STD 7 | STD 9+ | STD 12+
733,WARNING×WARNING×WARNING,warning×warning×warning|www|warning|条纹过膝袜|注意注意注意|小丑|星条旗|警告警告警告|克劳恩皮丝|万宁星星,172,暁Records,DX 3 | DX 7 | DX 9+ | DX 11+ ; STD 6 | STD 7+ | STD 10+ | STD 12+
732,Doll Judgment,doll judgment|玩偶审判|人形裁判|人偶审判|人形审判|人偶|dj|玩偶|人偶裁判|人偶裁决,230,ぬるはち,STD 5 | STD 8+ | STD 12 | STD 13+
731,疾走あんさんぶる,疾走あんさんぶる|疾走乐队|疾走|骚灵三姐妹,195,ビートまりお（COOL&CREATE）,STD 6 | STD 8+ | STD 11+ | STD 13+
730,天狗の落とし文 feat. ｙｔｒ,天狗の落とし文 feat. ｙｔｒ|天狗|犹太人|天狗落|天狗的匿名信|天狗的无名文书|ytr|天狗落文|天狗之落|天狗の落とし文,160,魂音泉,DX 3 | DX 7 | DX 10 | DX 13+ ; STD 5 | STD 7+ | STD 11+ | STD 12+
729,永遠のメロディ,永遠のメロディ|永远的旋律|永远的melody|永远的节奏|东方蓬千歌|永远,155,あ～るの～と（いえろ～ぜぶら）,STD 6 | STD 7 | STD 10 | STD 12
728,エンドマークに希望と涙を添えて,エンドマークに希望と涙を添えて|筋肉女神|梦泪|希望泪|🙂|为结局添上希望与泪水|希望累|梦之泪伤|四大天王,257,cosMo＠暴走P,STD 6 | STD 9+ | STD 12+ | STD 14
725,Still,still|仍然|七对奈子,176,イロドリミドリ,STD 5 | STD 7+ | STD 11 | STD 13
724,TRUST,trust|足控|大脚丫子|脚歌|玉足|玉足冰棍|老冰棍|小仏凪吃雪糕|🦶|信任|狱卒|湿身少女翘脚吃冰糕|糯香柠檬茶|yokidou|合乎粥礼|光吉猛修唱歌,190,小仏 凪(CV:佐倉 薫),STD 6 | STD 7+ | STD 11 | STD 13
723,猫祭り,猫祭り|哈祭咪|喵卷|学猫叫|猫抓板|😺|绝赞101|猫|洗面奶|喵喵喵喵|哈基米钻奈子|猫寄|猫祭|哈寄米,160,箱部 なる(CV:M・A・O),STD 4 | STD 8 | STD 11+ | STD 13
722,キレキャリオン,キレキャリオン|乃保|切下|carry on|电锯娘|奶包|继续切|电锯女|电锯2|切下吧carryon|小电锯|kire carry on|电锯人|电锯,170,ポリスピカデリー「#コンパス」,STD 6 | STD 7 | STD 10 | STD 13
720,アルカリレットウセイ,アルカリレットウセイ|露露卡莉莉卡噜啦哩啦噜啦啦|莉莉卡|魔法少女举大棒|碱性劣等生|魔法少女,158,かいりきベア「#コンパス」,STD 6 | STD 7 | STD 10+ | STD 12+
719,ダンスロボットダンス,ダンスロボットダンス|👆🏻😑👇🏻|dance robot dance|dancerobotdance|跳舞机器人跳舞|机器人跳舞|☝😑👇|drd|小v|跳舞机器人|voidoll|↑↓|机器人舞|👆👇|舞蹈机器人舞蹈|舞蹈机器人|up side up side down,190,ナユタン星人「#コンパス」,DX 3 | DX 7 | DX 9 | DX 12+ ; STD 6 | STD 8 | STD 11 | STD 13
717,ナンセンス文学,ナンセンス文学|o.o|拍手文学|无意义文学|废话文学|海底谭文学|latata|文学,154,Eve,STD 5 | STD 7+ | STD 11+ | STD 13+
710,Excalibur ～Revived resolution～,excalibur ～revived resolution～|生煎2|圣剑2|圣剑二|福瑞2|生煎二|ex咖喱棒|福瑞跑步2,200,Project Grimoire,STD 5 | STD 10 | STD 13 | STD 14+
707,人生リセットボタン,人生リセットボタン|人生重置按钮|人生重开|人生重置键|人生重启键|人生重置|dame|remake|人生重启|人生复位按钮|人生重来键|重开按钮|人生|人生reset button|人生重启按钮,200,kemu,STD 6 | STD 8+ | STD 11+ | STD 13+
706,ドーナツホール,ドーナツホール|甜圈洞|甜甜圈|🍩|甜甜圈洞,252,ハチ,STD 5 | STD 7+ | STD 11+ | STD 13+
704,スターナイトスノウ,星夜之雪,180,n-buna × Orangestar,STD 5 | STD 7 | STD 10 | STD 11
702,白い雪のプリンセスは,,200,のぼる↑,STD 6 | STD 8 | STD 11+ | STD 12+
701,SPICY SWINGY STYLE,spicy swingy style|巨乳|大奶子|好大|果皇壮如牛|sss|高坂穗乃果,242,明坂 芹菜(CV:新田 恵海),STD 5 | STD 8+ | STD 11+ | STD 13
700,Tic Tac DREAMIN’,tic tac dreamin’|粉毛睡衣|⏰|emu|千早爱音|睡衣,125,天王洲 なずな(CV:山本 彩乃),STD 4 | STD 7 | STD 9 | STD 12
699,Bang Babang Bang!!!,bang babang bang!!!|bbb|大奶子|太大了|邦邦邦邦|邦邦|bbbb|大胸|邦邦邦|大柰子,200,御形 アリシアナ(CV:福原 綾香),STD 5 | STD 8 | STD 11+ | STD 13
698,アンノウン・マザーグース,アンノウン・マザーグース|不为人知的鹅妈妈童谣|鹅妈妈童谣|鹅妈妈|仁王盾|妈妈鹅|未知的母鹅|unknown mother goose|大鹅妈妈,222,wowaka,STD 3 | STD 7 | STD 11 | STD 13
697,砂の惑星 feat. HATSUNE MIKU,砂の惑星 feat. hatsune miku|砂之惑星|划龙舟|沙之惑星|沙星|砂惑|砂之行星|砂星|砂の惑星|别急18|沙之行星|最速殿堂,95,ハチ,STD 2 | STD 7+ | STD 10+ | STD 13
696,拝啓ドッペルゲンガー,拝啓ドッペルゲンガー|我裂开来|分身|拜启|敬启我的分身|敬启分身|影分身十字斩|敬启|yhc|二重身,181,kemu,STD 5 | STD 8 | STD 12+ | STD 13+
693,咲キ誇レ常世ノ華,咲キ誇レ常世ノ華|常世|永远盛开在世上的灿烂花|咲華|常世华|常世之华,170,Sou×マチゲリータ,STD 5 | STD 8 | STD 11+ | STD 13
691,ようこそジャパリパークへ,,170,どうぶつビスケッツ×PPP「けものフレンズ」,DX 4 | DX 7 | DX 9 | DX 11+ ; STD 5 | STD 7+ | STD 9+ | STD 12 | STD 12+
690,泡沫、哀のまほろば,泡沫、哀のまほろば|泡沫哀|妹红泡水|泡沫|藤原妹红,155,幽閉サテライト,STD 4 | STD 7 | STD 10 | STD 12
688,Calamity Fortune,calamity fortune|常发|卡拉米提佛纯|穿越火线|标cf|早苗教你画星星|leaf教你画星星|标准cf|灾厄命运|sdcf|小鸟游没几几|cf|dxcf|东风谷早苗|风神录五面道中,200,LeaF,DX 4 | DX 8 | DX 11 | DX 13+ ; STD 7 | STD 9 | STD 12+ | STD 14
685,フラジール,フラジール|易碎品|脆弱|七海娜娜米|易碎|fragile,127,ぬゆり,STD 5 | STD 7+ | STD 9+ | STD 12+
684,エイリアンエイリアン,エイリアンエイリアン|河南人|常陆茉子|外星人外星人|👽|奥利奥利安|阿里安|alien|✋🏻😐✋🏻|奥利安奥利安|外星人|alien alien,152,ナユタン星人,STD 4 | STD 8 | STD 10 | STD 12+
683,白ゆき,白ゆき|白雪|白夜行|美少女亲嘴|白雪歌送武判官归京|白yuki|女同亲嘴|月代雪,210,n-buna,STD 5 | STD 8 | STD 11+ | STD 13
682,幸せになれる隠しコマンドがあるらしい,幸せになれる隠しコマンドがあるらしい|幸隐|结月流汗|似乎有着能够变得幸福的隐藏指令|↓→↑→→↓→→↑↑↓↓←→←→|紫砂|视力检测|→↓↑→→↓→→↑↑↓↓←→←→|幸福指令|むちゃぶり|喵梦|结月缘|⭐🌧️|结月缘黑丝兔女郎|😅|有款游戏越打越年轻|上上下下左右左右|👆👆👇👇👈👉👈👉,142,うたたP,STD 6 | STD 9 | STD 12+ | STD 14
681,猛進ソリストライフ！,猛進ソリストライフ！|猛进|月玲那知|小提琴|庞德,189,月鈴 那知(CV:今村 彩夏),STD 7 | STD 9 | STD 12+ | STD 13+
680,My Dearest Song,my dearest song|白奈|我最亲爱的乐曲|teravolt|母人拉大提琴|我爱歌|生日歌|大提琴|女人拉提琴,145,月鈴 白奈(CV:高野 麻里佳),STD 5 | STD 8 | STD 11+ | STD 13
679,チルノのパーフェクトさんすう教室　⑨周年バージョン,チルノのパーフェクトさんすう教室 ⑨周年バージョン|99|笨蛋教室|9周年教室|9周年|九周年|⑨|算数教室|baka|机厅几卡|9|9周年算数教室|dxbaka|dx琪露诺|琪露诺|新琪露诺教室|算数,175,IOSYSと愉快な⑨周年フレンズ,DX 3 | DX 7 | DX 9 | DX 12+ ; STD 5 | STD 7+ | STD 10+ | STD 13
676,Starlight Dance Floor,starlight dance floor|大姐姐魔理沙|sdf|星光舞厅|星光大道|夜店魔理沙|星光舞池,128,発熱巫女～ず,STD 4 | STD 7+ | STD 10 | STD 12
675,デスパレイト,デスパレイト|666|desperate|绝望,145,owl＊tree,STD 5 | STD 8+ | STD 11+ | STD 13+
674,Moon of Noon,moon of noon|印度人2|堇神啊|月吗|你过关|月儿子|农具做瑜伽|科比鬼叫|牢大硅胶|四块钱|牢大打坐|牢大|五块钱|星星入门|科比跳舞|​hop|牢大鬼叫|月孙子|一块钱3|午月|月之子|印度人磕头|中午的月亮|科比坐禅|铜人|大便|屎,200,Sampling Masters MEGA,STD 7 | STD 9 | STD 13 | STD 14
667,光線チューニング,光線チューニング|光线|🖐🏻️😐🖐🏻️|中二节奏|光线turning|光线调谐|ray|ray turning,190,ナユタン星人,STD 6 | STD 8 | STD 11+ | STD 13+
666,心象蜃気楼,心象蜃気楼|心绮楼|心象|青岛地铁|心象晦气楼|心象楼|心象晨气楼|心象蜃气楼|心像楼|蜃气楼,190,Orangestar,STD 5 | STD 7+ | STD 11 | STD 13
665,相思創愛,相思創愛|相思創爱|相爱创思|相思|相思创爱|创创子|小米星,195,伊東歌詞太郎・ろん×まらしぃ,STD 6 | STD 8+ | STD 11 | STD 13
661,ちがう!!!,不对的,181,カルロス袴田(サイゼP),STD 5 | STD 8 | STD 10+ | STD 13
654,前前前世,前前前世|推荐乐曲排行榜|你的名字|上上上辈子|韦一敏,190,RADWIMPS「君の名は。」,STD 4 | STD 7 | STD 9 | STD 13
653,夢花火,夢花火|马栏山|u咩哈那比|麻辣蒜|乙姬角色歌|梦花火,186,豚乙女,STD 6 | STD 8 | STD 11 | STD 13+
652,天国と地獄 -言ノ葉リンネ-,天国と地獄 -言ノ葉リンネ-|天国地狱|言之叶轮回|天国与地狱,138,伊東歌詞太郎・ろん×れるりり,STD 4 | STD 7+ | STD 11+ | STD 13
649,リンカーネイション,リンカーネイション|灵魂转生|烈火战神|lexburner|reincarnation|轮回转生|铃魂转生|转生,185,kemu,STD 5 | STD 8 | STD 11 | STD 13+
648,華鳥風月,華鳥風月|华鸟风月|かちょうふうげつ|花鸟市场|花鸟风月|四季|四季映姬,123,幽閉サテライト,STD 2 | STD 6 | STD 9+ | STD 12+
647,StargazeR,stargazer|虎哥|大荒囚天指|观星者|摘星人|空条承太郎,195,骨盤P,STD 5 | STD 7+ | STD 10+ | STD 12+
646,Just Be Friends,,128,Dixie Flatline,STD 4 | STD 7+ | STD 10+ | STD 12+
645,ネトゲ廃人シュプレヒコール,ネトゲ廃人シュプレヒコール|😉|网游废人的呐喊|网络废人的呐喊|网游废人|废人|网络废人|网游废人齐颂曲,175,さつき が てんこもり,STD 5 | STD 7+ | STD 10+ | STD 13+
644,炉心融解,,165,iroha(sasaki)／kuma(alfred),STD 4 | STD 7 | STD 11 | STD 13
642,天火明命,天火明命|天火|天火没命|舔会妹妹|屎|大便,155,削除,STD 6 | STD 9+ | STD 13 | STD 14
641,Phantasm Brigade,phantasm brigade|pb|灵梦|幻影旅队,168,Silver Forest,STD 5 | STD 8 | STD 11+ | STD 13
640,Club Ibuki in Break All,club ibuki in break all|萃香跳舞|西瓜跳舞|ymn|东方年柄年中|小bbb|绝赞俱乐部,175,void＋夕野ヨシミ (IOSYS) feat.藤原鞠菜,STD 5 | STD 8 | STD 11 | STD 13
639,Starlight Vision,starlight vision|星光视觉|樱花灵梦|🌸|星光视界|灵梦樱,180,矢鴇つかさ feat. 三澤秋,STD 3 | STD 7+ | STD 11+ | STD 12+
638,幽闇に目醒めしは,幽闇に目醒めしは|东方四个女人躺草地|幽暗目醒|幽暗|躺草坪|东方四女躺草地|幽目|在黑暗中醒来|目醒,120,セブンスヘブンMAXION,STD 4 | STD 6 | STD 11 | STD 13
636,四月の雨,四月の雨|四月的粑粑|114514月的臭雨|键盘歌|四月的星星|konmai|四月雨|雨姐|别急1|伞|你先别急|我为你撑一把伞|四月的史|四月的雨|四月的屎|四月答辩|四月的💩|四月的别急|☂️|别急|下北泽的雨|四月的粪|不要急挑战|四月的急|四月的shi|april showers|bpm79,79,cubesato,STD 3 | STD 8+ | STD 12 | STD 13+
635,The wheel to the right,the wheel to the right|印度人|车轮右拐|欢乐喜锯人|国服刀妹|电锯惊魂|底力|轮子右拧|右轮|dj-mega|电锯人|电锯|三块钱|一块钱2|光头强|老婆|你右边有人|骷髅|电锯骷髅|🛞👉|地雷女喝魔爪|印度人放右边|向右转|到右边的轮子|向右的轮子|轮子|小鸡鸡伸过来让我锯一下,200,Sampling Masters MEGA,STD 7 | STD 8+ | STD 13 | STD 14
634,ねぇ、壊れタ人形ハ何処へ棄テらレるノ？,ねぇ、壊れタ人形ハ何処へ棄テらレるノ？|坏人形|人形|扔垃圾桶|坏人偶|坏人,188,cosMo＠暴走P,STD 6 | STD 9 | STD 13 | STD 14
633,吉原ラメント,吉原ラメント|留尾哀歌|吉原|吉原哀歌|吉原拉面|吉原泼妇|吉原怨妇|清远鸡|teto|千织,191,亜沙,STD 4 | STD 8 | STD 11+ | STD 13+
631,だんだん早くなる,だんだん早くなる|渐渐加速|末白|蛋蛋变快|蛋蛋|跑男|蛋蛋加速|越战越勇|专注轻机枪|渐变快|渐渐加快|闲鱼客服|越来越快|秃老头|逐渐加速|当当哈呀库那路|蛋蛋歌|渐渐变急|渐渐变快|哈压库|动力小子|走路歌|逐渐变快|慢慢变快|别急8|走路人|逐渐加快|早|一笔画|越走越快|当当哈压库,160,40mP,STD 3 | STD 8 | STD 10 | STD 12 | STD 12+
628,その群青が愛しかったようだった,その群青が愛しかったようだった|那份群青仿佛是很可爱的样子|群青爱|那片群青好像很可爱|群青,220,n-buna feat.ヤギヌマカナ,STD 5 | STD 7+ | STD 11 | STD 12+
625,分からない,分からない|不知道|哇嘎啦乃|我不到啊|这|暂时不能给你明确的答复|😵|哇卡拉奶|哇嘎拉奶|发生什么事了|我怎么知道|我哪知道|吾伐晓得|优质解答|我不知道|瓦卡拉奶,200,ろん×黒魔,STD 4 | STD 8 | STD 11+ | STD 14
624,HERA,hera|狐狸模拟器|超级大串|芝士雪豹|赫拉|七匹狼|狐狸|黑拉|纵连高手|纵连|🦊|一号键质检员|狐狸快跑|火狐|火狐浏览器|雅迪|儿也|luze,185,ルゼ,STD 6 | STD 9 | STD 12+ | STD 14
622,ドキドキDREAM!!!,ドキドキdream!!!|dokidoki|五对柰子,210,イロドリミドリ,STD 5 | STD 8+ | STD 11+ | STD 13
620,私の中の幻想的世界観及びその顕現を想起させたある現実での出来事に関する一考察,私の中の幻想的世界観及びその顕現を想起させたある現実での出来事に関する一考察|名字鬼长|名字很长|内心幻想世界观及相关事件考察|对现实的考察映照心中幻想世界|名字很长的歌|一考察,175,小仏 凪(CV:佐倉 薫),STD 6 | STD 7 | STD 9+ | STD 13
619,Sakura Fubuki,sakura fubuki|sakura|吹雪|🌸💨❄️|樱吹屎|fbk|神里绫华|白上吹雪|樱吹雪,175,Street,STD 5 | STD 8 | STD 12 | STD 13+
618,DETARAME ROCK&ROLL THEORY,detarame rock&roll theory|箱部弹吉他|drt|星星歌|detarame|萝莉～萝莉～|摇滚理论|drrt|8787|箱部的摇滚理论|箱部鸣,140,箱部 なる(CV:M・A・O),STD 5 | STD 8 | STD 11 | STD 13+
617,conflict,conflict|冲突|对立|公交车|🚌|bus|标准公交车|宫村|标公交车|dx公交车,160,siromaru + cranky,DX 3 | DX 8 | DX 11 | DX 13 ; STD 5 | STD 8 | STD 12+ | STD 14
616,フォルテシモBELL,フォルテシモbell|粉毛弹吉他|bell|emu|千早爱音|fortissimo bell,121,天王洲 なずな(CV:山本 彩乃),STD 3 | STD 6 | STD 9 | STD 12+
612,チュルリラ・チュルリラ・ダッダッダ！,チュルリラ・チュルリラ・ダッダッダ！|啾噜哩啦啾噜哩啦哒哒哒|哒哒哒|告老师|jk结月缘|告状|告密教室|告密老师|ddd|结月缘杀人|暗杀教室|啾噜哩啦|ダッダッダ|秋露里拉|打小报告|啾噜哩啦·啾噜哩啦·哒哒哒|撒撒米糕大|宁宁二箱,220,和田たけあき(くらげP),STD 6 | STD 8 | STD 11 | STD 13
608,色は匂へど散りぬるを,色は匂へど散りぬるを|老年人活动中心|花开艳丽终散落|花艳终散|花朵艳丽终会散落|伊洛瓦|色散|dx色散|花朵艳丽,138,幽閉サテライト,DX 3 | DX 6 | DX 9 | DX 12+ ; STD 4 | STD 7+ | STD 9+ | STD 12
606,taboo tears you up,taboo tears you up|竹竹的板子|禁忌将你撕裂|三倍icecream|淘宝|滔搏|dx禁忌将你撕裂|dxtaboo|dx淘宝|淘宝泪|他不哭你上|淘宝撕碎你,180,REDALiCE (HARDCORE TANO*C),DX 3 | DX 7+ | DX 10+ | DX 14 ; STD 6 | STD 8 | STD 11 | STD 13
605,回レ！雪月花,雪月花,160,歌組雪月花 夜々(原田 ひとみ)/いろり(茅野 愛衣)/小紫(小倉 唯) 「機巧少女は傷つかない」,DX 3 | DX 7 | DX 10 | DX 12 ; STD 5 | STD 8 | STD 10+ | STD 13
604,空威張りビヘイビア,空威張りビヘイビア|空威张|虚张声势的行为|欧尼酱|虚张声势behavior|欧欧欧欧欧欧尼酱,186,un:c・ろん×じーざすP,STD 6 | STD 8 | STD 10+ | STD 13+
603,STAIRWAY TO GENERATION,stairway to generation|一片绿|八块钱|stairway,150,Yosh(Survive Said The Prophet)「ボーダーブレイク」,STD 6 | STD 7+ | STD 11+ | STD 13+
601,ゴーストルール,ゴーストルール|👻|标准幽灵法则|幽灵法则|ghost rule|露露|小吹爆|幽灵|露露小姐|法则|dx幽灵法则|口一又卜儿一儿|幽灵规则|初音未来,210,DECO*27,DX 3 | DX 7+ | DX 9+ | DX 13 ; STD 5 | STD 8 | STD 10+ | STD 13
599,AMAZING MIGHTYYYY!!!!,amazing mightyyyy!!!!|！！！！|不可思议的大概概概概|恋爱裁判3|四个感叹号|惊异全能|am|恋爱裁判2|惊人强大|这么强？|惊人的强大|太神奇了，太强大了！|樱羽艾玛,185,WAiKURO,STD 7+ | STD 9+ | STD 13+ | STD 14+ | STD 14
598,ECHO,echo|A口|回声|人形师单手鸟|诶口|一口|电视头|恶臭,140,CIRCRUSH,STD 4 | STD 7+ | STD 11 | STD 13
597,木彫り鯰と右肩ゾンビ,木彫り鯰と右肩ゾンビ|右肩|僵尸|木雕鲇鱼|木雕|鲷鱼烧|右肩僵尸|肩周炎|木雕鲶鱼与右肩僵尸|木彫|大连海事大学校歌|木鲶鱼|木雕鲶鱼|拔小蒜|绸鱼烧,150,hanzo,STD 6 | STD 8 | STD 10+ | STD 13+
595,終わりなき物語,終わりなき物語|终物语|无尽物语|物语,150,クーナ(CV.喜多村英梨)「PHANTASY STAR ONLINE 2」,STD 5 | STD 7+ | STD 10+ | STD 12+
594,ハート・ビート,ハート・ビート|心跳2|心跳节拍|心跳|serina|heart beat|架子鼓|heartbeat,212,明坂 芹菜(CV:新田 恵海),STD 6 | STD 8 | STD 10+ | STD 13
593,CITRUS MONSTER,citrus monster|欧润吉|柑橙怪兽|柚子怪兽|橘怪|橘子怪兽|cm|🍊|桔子怪兽|橘子|citrusmonster|理财产品,220,D-Cee,STD 7 | STD 9 | STD 12+ | STD 14
591,エテルニタス・ルドロジー,エテルニタス・ルドロジー|aeternitas ludology|东方鼓动|永恒游戏学|八云紫,178,IRON ATTACK!,STD 5 | STD 7+ | STD 11 | STD 13+
590,ひれ伏せ愚民どもっ！,ひれ伏せ愚民どもっ！|佩恩|愚民|辉夜,180,ARM＋夕野ヨシミ (IOSYS) feat.miko,STD 5 | STD 7+ | STD 10+ | STD 13
589,No Routine,no routine|画苍浅学姐|绿色女人|东方龙|没有日常|三梦奇缘|杨墓|没门|龙女|蒙娜丽莎,163,A-One,STD 6 | STD 7 | STD 11 | STD 13
588,Hyper Active,hyper active|我们仨|黄卡车|泥头车|小黄车|撞大运|卡车|擎天柱|大卡车|大运重卡|百吨王,160,HiTECH NINJA,STD 6 | STD 9 | STD 13 | STD 13+
587,brilliant better,brilliant better|bb|黄色吉他|更精彩|金毛弹吉他,172,御形 アリシアナ(CV:福原 綾香),STD 5 | STD 7 | STD 11+ | STD 13
586,セハガガガンバッちゃう！！,セハガガガンバッちゃう！！|世嘉硬件娘|SBGA|sega hard girls|好几个娘们|世嘉硬件女孩,202,Hi☆sCoool! セハガール,STD 6 | STD 8 | STD 11 | STD 13
585,Barbed Eye,barbed eye|狗谷爱|坏眼|爸爸的爱,135,柿チョコ×みきとP,STD 5 | STD 7+ | STD 10+ | STD 13
583,Hand in Hand,hand in hand|手牵手|手拉手|hih|难忘今宵|握握手|诺基亚|手在手里面,128,livetune,STD 4 | STD 6 | STD 10 | STD 12+
578,洗脳,洗脳|洗脑,125,ゆりん・柿チョコ×Neru,STD 4 | STD 7 | STD 10+ | STD 12 | STD 12+
577,Infantoon Fantasy,infantoon fantasy|中指|两茄子|中指机器人|竖中指|🖕|🖕🏻|竖中指机器人|if|银莲花幻想|银莲花|NEO比中指,185,t+pazolite,STD 6 | STD 8+ | STD 10+ | STD 13+
576,パーフェクト生命,パーフェクト生命|完美生命|✌🏻😎✌🏻|生命,200,ナユタン星人,STD 6 | STD 8 | STD 10 | STD 13
575,高気圧ねこロック,高気圧ねこロック|高血压流汗黄豆|高气压猫猫头|高气压猫|高气压猫摇滚|高气压|马香远|高血压,260,小野隊長とJimmy親分,STD 6 | STD 8+ | STD 11+ | STD 13+
573,月に叢雲華に風,月に叢雲華に風|月遇丛云花遇风|月映丛云|摇摆阳|月风|月丛云华风|丛云伴月|小五|月云华风|月华|月丛云|闲云遮月清风袭花|月映从云花语风|丛云华|月从云华风|月隐於丛云花散於风,160,幽閉サテライト,DX 2 | DX 6 | DX 9 | DX 12+ ; STD 4 | STD 7 | STD 10 | STD 13
572,Invitation,invitation|！？|邀请|邀请函,147,れるりり feat.ろん,STD 4 | STD 7+ | STD 9+ | STD 13
569,恋愛裁判,恋愛裁判|恋爱裁判|情人节|逆转裁判|18z|有罪|恋爱审判,134,40mP,STD 4 | STD 7 | STD 10 | STD 11+
567,儚きもの人間,儚きもの人間|少女炼狱|人间|梦人间,180,豚乙女,STD 5 | STD 8 | STD 10+ | STD 13+
566,無敵We are one!!,無敵we are one!!|无敌|我们是一|奢香夫人|我们是无敌1|我们是1|无敌！我们是1|无敌我们是1|无敌we are one|无敌我们是一,190,イロドリミドリ,STD 5 | STD 8+ | STD 10 | STD 13+
564,Jimang Shot,jimang shot|囧仙|报纸歌|大叔唱歌|2015,164,じまんぐ,STD 6 | STD 7+ | STD 10+ | STD 13
563,少女幻葬戦慄曲 ～ Necro Fantasia,少女幻葬戦慄曲 ～ necro fantasia|幻葬|少女幻葬|死灵幻想曲,182,どぶウサギ,STD 6 | STD 8 | STD 10+ | STD 13+
562,蒼空に舞え、墨染の桜,蒼空に舞え、墨染の桜|妖梦|苍空舞|苍空飞舞墨染之樱|苍空|糯香柠檬茶|墨染|墨染樱,150,Silver Forest,STD 6 | STD 7 | STD 11 | STD 13
561,東方妖々夢 ～the maximum moving about～,東方妖々夢 ～the maximum moving about～|妖妖梦|东方不可拘束|东方妖梦|东方妖妖梦|车万不可拘束|妖梦,196,石鹸屋,STD 6 | STD 8 | STD 9+ | STD 13
560,橙の幻想郷音頭,橙の幻想郷音頭|橙|幻想乡音头|音头|🐱|橙舞|欢乐斗地主|橙音头|橙之幻想乡|橙的幻想乡音头,136,発熱巫女～ず,STD 5 | STD 7 | STD 11 | STD 13
558,FEEL the BEATS,feel the beats|ftb|感受节拍|fb,166,A-One,STD 5 | STD 8+ | STD 11+ | STD 13+ | STD 13+
556,頓珍漢の宴,頓珍漢の宴|珍顿汉|🥓|顿珍汉|🙏|顿珍汉宴|初音上菜|吃饭|顿珍汉之宴|顿震撼|汉尼拔之宴|顿珍汉吃席|顿珍宴,145,ピノキオピー,STD 5 | STD 8+ | STD 11+ | STD 13+
555,ありふれたせかいせいふく,ありふれたせかいせいふく|世界征服|初音围巾|围巾初音白背景|司空见惯的世界征服|司空见惯|红围巾,150,ピノキオピー,STD 5 | STD 7+ | STD 9+ | STD 13+
553,オモイヨシノ,オモイヨシノ|恋咏樱,168,loos feat. 柊莉杏,STD 4 | STD 7+ | STD 10+ | STD 13
552,ラブリー☆えんじぇる!!,ラブリー☆えんじぇる!!|女同14|可爱天使,173,あべにゅうぷろじぇくと feat.佐倉紗織&井上みゆ「パチスロ快盗天使ツインエンジェル」,STD 5 | STD 7 | STD 10 | STD 12
551,7thSense,7thsense|阿玛希斯特之死|7s|旗杆|第七个sensei|阿斯特瑞之死|七感|7|七拍子|7感|7th|第七感,150,削除,STD 6 | STD 8+ | STD 11+ | STD 14
544,厨病激発ボーイ,厨病激发,190,れるりり,STD 6 | STD 8 | STD 10+ | STD 13+
541,アージェントシンメトリー,アージェントシンメトリー|pink op|草莓章鱼|银对称性|银色对称|银对称|银色对称性|桃代主题曲|科目二|pink主题曲|方向盘|argent symmetry|白银对称|白银|sta|白银对称性,172,Sta feat.b,STD 5 | STD 7 | STD 10+ | STD 13 | STD 14
540,閃鋼のブリューナク,閃鋼のブリューナク|闪钢,140,sasakure.UK,STD 5 | STD 8+ | STD 11+ | STD 13+
539,すろぉもぉしょん,slow motion,160,ピノキオピー,STD 4 | STD 7 | STD 9+ | STD 12+
538,物凄い勢いでけーねが物凄いうた,物凄い勢いでけーねが物凄いうた|以惊人的气势发出了惊人的声音|物凄势|物凄|罪|白泽球|慧音|三倍ice☆cream|东方之血,180,Halozy,STD 5 | STD 7 | STD 9+ | STD 13
535,幾四音-Ixion-,幾四音-ixion-|几四音|急死银|幾四音|第四爱,210,M.S.S Project,STD 5 | STD 8+ | STD 10+ | STD 13
534,りばーぶ,りばーぶ|reverb|两个人喝茶|混响|友人对战,120,高橋菜々×岡部啓一(MONACA),STD 3 | STD 7 | STD 9+ | STD 11
533,言ノ葉遊戯,言ノ葉遊戯|言叶游戏|文字游戏|游戏,164,S!N・高橋菜々×ひとしずく・やま△,STD 4 | STD 7+ | STD 10+ | STD 12+
532,Counselor,counselor|小护士|律师|顾问,135,DECO*27 feat.echo,STD 4 | STD 7+ | STD 10+ | STD 12
530,初音ミクの消失,初音ミクの消失|标准消失|初音没有来|初音没来|消失|初音未来的消失|誓死守护公主殿下|标消失|dx消失|绿南十字|暴走p的消失,240,cosMo＠暴走P,DX 6 | DX 8 | DX 12 | DX 14 ; STD 6 | STD 8+ | STD 11+ | STD 13+
528,最終鬼畜妹・一部声,最終鬼畜妹・一部声|鬼叫|鬼畜妹一部声|蓝蓝路|一部声|易卜生|鬼畜妹|月女儿|月儿子青春版|最终鬼畜妹,200,ビートまりお,STD 6 | STD 8 | STD 11+ | STD 13+
527,四次元跳躍機関,四次元跳躍機関|四次元跳跃机关|大小姐|跳楼机|机关|跳跃机关|四次元|冰风,135,koutaq,STD 3 | STD 7 | STD 10+ | STD 13
526,Yet Another ”drizzly rain”,yet another ”drizzly rain”|姆q|帕秋莉,175,myu314 feat.あまね（COOL&CREATE）,STD 4 | STD 7+ | STD 10 | STD 12+
525,Aiolos,aiolos|艾欧洛斯|阿米诺斯|艾俄洛斯|肉包|aio|啊米诺斯,205,xi,STD 6 | STD 8+ | STD 12+ | STD 14
523,ストリーミングハート,ストリーミングハート|嘉然|流心|嘉然比心,210,DECO*27,STD 3 | STD 8 | STD 10+ | STD 13
521,Sweet Devil,恶魔|wqn cheng,132,八王子P,STD 4 | STD 7 | STD 11 | STD 12+
520,六兆年と一夜物語,六兆年と一夜物語|希腊奶|标六兆年|6m|六兆年|6000000000000年|六兆年零一夜物语|dx希腊奶|dx六兆年|安慕希|lzn,186,kemu,DX 4 | DX 7+ | DX 9 | DX 13+ ; STD 5 | STD 7+ | STD 10+ | STD 13+
519,Change Our MIRAI！,change our mirai！|改变未来|四对奶子|com|五个女人|五对奶子|中年男人|四大一小|五对柰子|小心彩绿|不含月铃姐妹|dx五对奶子|改变我们的未来,256,イロドリミドリ,DX 4 | DX 7+ | DX 10+ | DX 12+ ; STD 4 | STD 8 | STD 11 | STD 13
516,キャプテン・ムラサのケツアンカー,キャプテン・ムラサのケツアンカー|村纱水蜜|船长,190,ARM＋夕野ヨシミ (IOSYS) feat.山本椛,STD 6 | STD 7 | STD 11 | STD 13
512,Oshama Scramble!,oshama scramble!|标奶|😄😄|女同15|猫娘贴贴|牛乳|牛奶猫|丰胸奶|每日一瓶奶，强健音游人|🥛|奶猫|标牛奶|牛奶|😸😸|巧克力与香子兰|os!|牛奶猫标准|两只猫和谐共处|dx奶|凯尔希打嵯峨|凯尔希嵯峨贴贴|dx牛奶|喝奶|dx奶猫|dx黑白哈基米|黑白哈基米|牛奶猫dx|猫抓板|一天一杯奶强壮音游人|奶牛猫|我从小喝到大|从小喝到大|正宗椰汁椰树牌,190,t+pazolite,DX 4 | DX 8+ | DX 11 | DX 13+ ; STD 6 | STD 8+ | STD 11+ | STD 14
511,若い力 -SEGA HARD GIRLS MIX-,若い力 -sega hard girls mix-|若以力|世嘉少女|年轻的力量|sbga|sega社歌|sega|世嘉社歌|世嘉女孩|若力|世嘉硬件女孩|若力二次元版,162,セガ・ハード・ガールズ,STD 5 | STD 7 | STD 10 | STD 12+ | STD 12+
510,ウミユリ海底譚,ウミユリ海底譚|海百合|海百合海底谭|水神3|在海下面|初音跳海|海底潭|谭|海魔王|初音未来跳海|海底谭|海底捞|舞萌科目二|umiyuri|地雷|屎|百合花,120,n-buna,STD 4 | STD 7 | STD 9+ | STD 13
506,悪戯,悪戯|恶戏|恶习,140,ろん×田中秀和(MONACA),STD 5 | STD 7 | STD 10 | STD 12+
503,L9,l9|轴交互|绿9|屎|大便,256,paraoka,STD 5 | STD 8 | STD 11 | STD 13+
502,ってゐ！ ～えいえんてゐVer～,ってゐ！ ～えいえんてゐver～|永远亭|因幡帝|翘屁股|屁股|翘臀|帝帝|粉裙子,156,石鹸屋,STD 3 | STD 7 | STD 9+ | STD 12 | STD 13
501,ケロ⑨destiny,ケロ⑨destiny|9|acc|kero|⑨|kero9destiny,172,Silver Forest,DX 3 | DX 6 | DX 10 | DX 13 ; STD 4 | STD 7 | STD 10+ | STD 13
500,ロストワンの号哭,ロストワンの号哭|号哭|哭哭|kappa|没有1我要哭了|失去1的号哭|lost one的号哭|lost one 的号哭|鹅哭,162,Neru,STD 4 | STD 6 | STD 10+ | STD 13+ | STD 14
499,みくみくにしてあげる♪【してやんよ】,みくみくにしてあげる♪【してやんよ】|📉|狗·眼·①·瞎|飞龙|把你mikumiku掉|mikumiku,160,ika,STD 4 | STD 6 | STD 9 | STD 11+
497,Caliburne ～Story of the Legendary sword～,caliburne ～story of the legendary sword～|生煎1|圣剑|生煎|咖喱棒|圣剑1|石中剑|圣剑一|福瑞|福瑞1|福瑞跑步|咖喱棒 ～圣剑传说～|额滴圣剑,190,Project Grimoire,STD 5 | STD 9 | STD 12+ | STD 14
491,究極焼肉レストラン！お燐の地獄亭！,究極焼肉レストラン！お燐の地獄亭！|究极烧肉|烤肉,185,ARM＋夕野ヨシミ (IOSYS) feat.藤枝あかね,STD 6 | STD 7 | STD 10+ | STD 12+
489,Cosmic Magic Shooter,cosmic magic shooter|魔术射手|魔弹射手|魔法射手|感情的摩天楼|宇宙魔术射手|cms|摩天轮|宇宙魔法射手,163,SOUND HOLIC feat. Nana Takahashi,STD 5 | STD 7+ | STD 10+ | STD 13+
487,アンハッピーリフレイン,アンハッピーリフレイン|副歌|ur|unhappy refrain|不高兴的副歌|unhappy|💗|不开心,205,wowaka,STD 5 | STD 8 | STD 11+ | STD 13
483,VERTeX,vertex|🌊|芙卡洛斯|水神一|羽落心弦|水神1|芙宁娜|水神,237,Hiro「maimai」より,STD 5 | STD 8+ | STD 11+ | STD 14+
479,FLOWER,flower|全機種制霸|🌹|花|花神|扶寿二|扶老二|街机公交车,173,DJ YOSHITAKA,STD 6 | STD 8 | STD 11+ | STD 13+ | STD 14
474,おこちゃま戦争,おこちゃま戦争|孩子气|孩子气的战争|孩子气战争|战争,175,ギガ/れをる,STD 6 | STD 7 | STD 10+ | STD 13
473,B.B.K.K.B.K.K.,b.b.k.k.b.k.k.|汉堡王|↑↑↓↓↑↓↓|bbk|bbkk|bbkkbkk|bass kick|↑↓|bk|鲈鱼踢踢鲈鱼踢,170,nora2r,STD 6 | STD 8+ | STD 12+ | STD 14
470,明星ロケット,明星ロケット|幻想事变|明星火箭|明星|明星rocket,163,岸田教団&THE明星ロケッツ,STD 5 | STD 7+ | STD 10 | STD 12 | STD 12+
469,緋色のDance,緋色のdance|绯色dance|绯色|绯色之舞,155,岸田教団＆THE明星ロケッツ,STD 5 | STD 7+ | STD 10+ | STD 13 | STD 13+
468,ダブルラリアット,ダブルラリアット|转圈歌|巡音转圈,138,アゴアニキ,STD 5 | STD 6 | STD 10+ | STD 13
467,深海少女,深海少女|深海和少女相比|深海魔男|深海邵壮|溺水双马尾|胖猫2|水神4|初音未来跳海2|dx深海少女|水神5,137,ゆうゆ,DX 2 | DX 6 | DX 9 | DX 13 ; STD 3 | STD 7 | STD 9+ | STD 13
464,シアワセうさぎ,シアワセうさぎ|幸福兔,140,ビートまりお＋あまね（COOL&CREATE）,STD 4 | STD 7 | STD 8+ | STD 11
459,Jack-the-Ripper◆,jack-the-ripper◆|ripper|开膛手|杰哥|jtr|杰哥雷普|开膛手杰克|jack the ripper|杰克开膛手|杰克,210,sasakure.UK,STD 5 | STD 9 | STD 12 | STD 14
457,幻想のサテライト,幻想のサテライト|卫星|标幻想卫星|幻想卫星|homo|幻想的卫星|标准幻想卫星|dx幻想卫星,230,豚乙女,DX 4 | DX 7+ | DX 10 | DX 13 ; STD 4 | STD 8 | STD 11 | STD 14
456,待チ人ハ来ズ。,待チ人ハ来ズ。|待人来|等人|小伞|小伞歌|等的人没有来|待人未至|东方旋转木马,160,豚乙女,STD 3 | STD 7+ | STD 9+ | STD 13
453,からくりピエロ,からくりピエロ|🤡|活动沙口|活动小丑|小丑|派对小丑,102,40mP,STD 3 | STD 6 | STD 10 | STD 12+ | STD 12+
452,レッツゴー!陰陽師,レッツゴー!陰陽師|let'go!阴阳师|恶灵退散！恶灵退散！恶灵退散！|超级蓝绿|阴阳师|林正英|挑眉|仪式魔法|sm9|不要笑挑战,150,「新豪血寺一族 -煩悩解放-」,STD 2 | STD 7 | STD 9+ | STD 13
450,Outlaw's Lullaby,outlaw's lullaby|史蒂夫抽烟|ol|ehk|如龙|如龙2|公奶龙|史蒂夫抽烈焰棒|王源|亡命之徒的摇篮曲,145,庄司英徳「龍が如く２」,STD 4 | STD 8+ | STD 10+ | STD 14
448,言ノ葉カルマ,言ノ葉カルマ|言叶业|soraru|言叶|因果|言叶之业|言叶1,150,そらる・ろん×れるりり,STD 4 | STD 7 | STD 10+ | STD 13 | STD 13
447,エピクロスの虹はもう見えない,エピクロスの虹はもう見えない|圣母|虹见|上海红茶馆|再见不到伊壁鸠鲁的彩虹|伊壁鸠鲁,155,SYNC.ART'S feat.美里,STD 3 | STD 7 | STD 9+ | STD 11+ | STD 13
445,患部で止まってすぐ溶ける～狂気の優曇華院,患部で止まってすぐ溶ける～狂気の優曇華院|患部溶解|患部|优云华院|兔子药|肛塞|优昙华院|座药|overdrive|狂气的优昙华院|标准患部|标患部|绫地宁宁|一把米诺|dx患部|兔子跳|狂气优昙华院|铃仙,200,ARM＋夕野ヨシミ (IOSYS) feat.miko,DX 3 | DX 7+ | DX 11 | DX 13 ; STD 4 | STD 8 | STD 10+ | STD 13+ | STD 14
433,CYCLES,cycles|轮回|🐎🐸🦌|马瓦鲁|cyc|马哇路|马洼路|马瓦路|马挖路|饼饼快乐曲|吗哇路|cycle|🐴🐸🦌|挖马路|玛娃路|玛瓦鲁|圆圈,135,Masayoshi Minoshima feat. 綾倉盟,STD 6 | STD 8 | STD 10+ | STD 13
429,M.S.S.Planet,m.s.s.planet|我是地球|妈杀杀星球|mss|dxmss,145,M.S.S Project,DX 3 | DX 7 | DX 9+ | DX 12+ ; STD 3 | STD 7+ | STD 10+ | STD 12+
426,DRAGONLADY,dragonlady|喇叭|ub|舍得|纵连女士|龙女士|母奶龙|龙玉涛|尼美舒利|龙之梦|龙女,150,Nankumo/CUBE3,STD 4 | STD 8 | STD 12+ | STD 13+
418,お嫁にしなさいっ！,お嫁にしなさいっ！|婚礼|婚礼进行曲|女同7|东方萃翠酒醉|结婚|东方花嫁|萝莉嫁给我|嫁给我吧,180,ARM＋夕野ヨシミ (IOSYS),STD 3 | STD 7+ | STD 10+ | STD 12+
415,sweet little sister,sweet little sister|甜小姐姐|小甜妹|sls|甜二妹|甜小妹|甜蜜小姐姐|甜心小姐姐,168,Silver Forest,DX 5 | DX 7 | DX 10 | DX 13 ; STD 4 | STD 7 | STD 10+ | STD 13
413,天ノ弱,天ノ弱|天之弱|天弱|若叶睦|标准天之弱|dx天弱|dx天之弱,200,164,DX 3 | DX 7 | DX 10 | DX 12+ ; STD 4 | STD 8 | STD 11 | STD 13
410,セツナトリップ,セツナトリップ|标准刹那旅程|刹那旅程|标刹那旅途|刹那旅行|刹那|dx刹那旅程|dx刹那旅行|dx刹那|册那旅途,145,Last Note.,DX 2 | DX 7+ | DX 10+ | DX 13 ; STD 5 | STD 7+ | STD 11 | STD 13
407,裏表ラバーズ,裏表ラバーズ|里表恋人|里表情人|里表|◐,159,wowaka,STD 6 | STD 8 | STD 12+ | STD 13+
406,ぽっぴっぽー,ぽっぴっぽー|菜蔬汁|popipo|波比波比|蔬菜歌|advent|波比波|蔬菜汁|哈基米,150,ラマーズP,STD 4 | STD 7 | STD 9+ | STD 13
405,セガサターン起動音[H.][Remix],セガサターン起動音[h.][remix]|世嘉土星启动音|大b圈|ss|转圈接四押|sbga|土星|启动音|起动音|世嘉土星|夸脱|mon3tr|sega saturn|上虹推荐,148,Hiro,STD 2 | STD 7 | STD 11 | STD 13
404,＊ハロー、プラネット。,"＊ハロー、プラネット。|hello planet|标准你好星球|你好星球|八口一|标准hello planet|dx你好星球|hello,planet.",150,sasakure.UK,DX 2 | DX 7 | DX 9 | DX 12+ ; STD 3 | STD 6 | STD 9+ | STD 12+
402,Garakuta Doll Play,garakuta doll play|lbw|果丹皮|shq|性感小丑在线发牌|酸奶|金盆|扑克牌|管理|鬼牌|轨道炮|绿豆|小丑牌|小丑|🤡|joker|🃏|guy|gdp|国内生产总值|绿小丑|偶买噶|传奇宴谱王|斗地主|法国赌神|四大天王|国民生产总值,256,t+pazolite,STD 6 | STD 9 | STD 13 | STD 14 | STD 14+
401,しゅわスパ大作戦☆,しゅわスパ大作戦☆|下药歌|ymn|修哇大作战|炎拳|修哇|大作战,140,SOUND HOLIC feat. Nana Takahashi,STD 5 | STD 7 | STD 9+ | STD 12+
400,全人類ノ非想天則,全人類ノ非想天則|全人类|非想天则|高达|全人类的非想天则|则|绯想天|全人类的飞上天|超级机器人|非想天則,168,SOUND HOLIC feat. 匠眞,STD 4 | STD 7+ | STD 10+ | STD 13
399,放課後ストライド,放課後ストライド|放课后冲|放课后|放课后stride,225,Last Note.,STD 5 | STD 8 | STD 10+ | STD 13
398,ローリンガール,ローリンガール|roiling giri|rolling girl|翻滚少女|头皮屑|滚女,195,wowaka,DX 4 | DX 7+ | DX 10+ | DX 13 ; STD 4 | STD 7 | STD 9+ | STD 13
397,L'épilogue,l'épilogue|法文歌|后记|lepilogue|钟离,145,SOUND HOLIC feat. Nana Takahashi,STD 5 | STD 8 | STD 11+ | STD 13+
392,ウサテイ,ウサテイ|帝帝跑跑跑|石门快乐歌|因幡帝|🐇|乌撒|兔子跑|兔子快跑|小老帝|兔子|追逐战|兔子帝,190,あまね＋ビートまりお(COOL＆CREATE),STD 5 | STD 7 | STD 10+ | STD 14
391,夜咄ディセイブ,夜咄ディセイブ|夜咄deceive|kano角色歌|夜出|夜谈欺骗|夜咄,260,じん 「カゲロウプロジェクト」,STD 5 | STD 8+ | STD 12 | STD 13+
390,"Help me, ERINNNNNN!!（Band ver.）",永琳,183,ビートまりお,STD 6 | STD 7 | STD 11+ | STD 12
389,魔理沙は大変なものを盗んでいきました,魔理沙は大変なものを盗んでいきました|魔理沙|123123|魔理沙大变|魔理沙大变态|魔理沙痴|魔理沙偷走了重要的东西|大盗魔理沙|魔理沙偷走重要的东西|魔理沙大变盗|123|魔理沙大盗|魔理沙盗大变|魔理沙偷大便|魔理沙大便,170,ARM＋夕野ヨシミ (IOSYS) feat.藤咲かりん,DX 3 | DX 6 | DX 10 | DX 13+ ; STD 6 | STD 7 | STD 9 | STD 13
380,いーあるふぁんくらぶ,いーあるふぁんくらぶ|12|中日友好歌|12fan|fanclub|一二俱乐部|熊猫头|12fanclub|烟雾列车|dx王力宏|王力宏|周杰伦|一二粉丝俱乐部|1 2 fan club,145,みきとP,DX 2 | DX 6 | DX 8 | DX 11 ; STD 4 | STD 7 | STD 8+ | STD 12 | STD 12+
379,Burning Hearts ～炎のANGEL～,burning hearts ～炎のangel～|炎天使|br|阳炎|烧心|炎之天使,155,光吉猛修「バーニングレンジャー」,STD 5 | STD 8 | STD 10+ | STD 12+ | STD 13+
362,ナイト・オブ・ナイツ,ナイト・オブ・ナイツ|夜骑士|标夜骑|原版夜骑|st夜骑|std夜骑|nok|夜骑|标准夜骑|骑士之夜|night of knights|dx标夜骑|dx夜骑|幻梦,180,ビートまりお,DX 5 | DX 7+ | DX 11+ | DX 13 ; STD 4 | STD 8 | STD 12 | STD 13 | STD 14
361,Grip & Break down !!,grip & break down !!|grip|gbd|红魔馆内战|grip &amp|break down !!|东方铁拳乡|红魔馆爆炸|说的道理,160,SOUND HOLIC feat. Nana Takahashi,DX 5 | DX 7 | DX 9 | DX 13 ; STD 4 | STD 7 | STD 9+ | STD 13
360,Bad Apple!! feat.nomico,坏苹果|好华为|烂苹果|吃一堑吃一堑|吃一堑吃一堑吃一堑|年年考年年错|badapple|bad apple,138,Masayoshi Minoshima,STD 3 | STD 6 | STD 10+ | STD 12 | STD 13
359,チルノのパーフェクトさんすう教室,チルノのパーフェクトさんすう教室|琪露诺的完美算术教室|琪露诺的完美算数教室|数学课堂|⑨|算数教室|琪露诺|⑨章算数|baka|算术教室|琪露诺教室|9教室|1+1=9|幻想乡没有巴士|这是啥子角色|数学教室|9,175,ARM＋夕野ヨシミ (IOSYS) feat.miko,DX 3 | DX 6 | DX 9+ | DX 13 ; STD 3 | STD 7 | STD 10 | STD 13
358,カゲロウデイズ,カゲロウデイズ|车祸歌|阳炎眩乱|车祸曲|阳炎|车祸,200,じん,STD 5 | STD 7 | STD 11+ | STD 13 | STD 14
357,脳漿炸裂ガール,脳漿炸裂ガール|力一儿|脑浆炸裂少女|脑浆炸裂|脑浆炸裂女孩|脑浆炸裂谱|🤯👧|标🤯|脑浆炸裂力一儿|麦当劳1+1|脑裂|标脑浆|吸溜|标脑|脑浆|🤯|标准脑浆|dx脑浆炸裂|dx脑浆|脑瘫炸裂|brain fluid explosion girl,155,れるりり,DX 4 | DX 6 | DX 11 | DX 12+ ; STD 5 | STD 7 | STD 12+ | STD 14
345,39,39|标39|初音未来|标准39|dx39|谢谢|三九|thank you|阿里嘎多,175,sasakure.UK x DECO*27,DX 3 | DX 7 | DX 9 | DX 12+ ; STD 5 | STD 8+ | STD 11 | STD 13 | STD 13
338,Tell Your World,tell your world|告诉你的世界|tyw|pjsk新手教程,150,livetune,STD 6 | STD 7 | STD 10 | STD 12 | STD 13
335,Like the Wind [Reborn],like the wind [reborn]|蓝的盆|一块钱|莱克.德.万帝|野兽先辈|动力甩尾|十段之壁|像风一样自由|像风一样|像风一样复兴的|如风|三潭印月,200,sampling masters MEGA「パワードリフト」,STD 6 | STD 9 | STD 11 | STD 14
329,御旗のもとに,御旗のもとに|妹妹v50|御旗|dx御旗,147,「サクラ大戦３ ～巴里は燃えているか～」,DX 3 | DX 6 | DX 10+ | DX 12+ ; STD 5 | STD 7+ | STD 12 | STD 12+
319,千本桜,千本樱,154,黒うさP,DX 4 | DX 6 | DX 9 | DX 12 ; STD 6 | STD 8 | STD 10+ | STD 13
318,ゴーゴー幽霊船,ゴーゴー幽霊船|幽灵船|gogo幽灵船|憋憋憋,180,米津玄師,DX 3 | DX 7 | DX 10 | DX 13 ; STD 5 | STD 8 | STD 11 | STD 12+
317,スイートマジック,スイートマジック|甜甜魔法|sm|羽泽鸫|sweet magic|sweetmagic|swmg|甜蜜魔法,123,ろん×Junky,STD 4 | STD 7 | STD 10+ | STD 12
316,腐れ外道とチョコレゐト,腐れ外道とチョコレゐト|外道|异端|该死的异端及巧克力|巧克力|腐外道|红雷小曲|🍫|该死的异端和巧克力|异端巧克力,260,ピノキオピー,STD 6 | STD 9 | STD 12+ | STD 13+
314,ロミオとシンデレラ,ロミオとシンデレラ|罗密欧与辛德瑞拉|灰姑娘|罗密欧|罗密欧与仙度瑞拉|罗密欧与灰姑娘|口三才|罗密欧和辛德瑞拉|辛德瑞拉|罗密欧辛德瑞拉,170,doriko,STD 5 | STD 8+ | STD 11 | STD 12+ | STD 13
311,おちゃめ機能,おちゃめ機能|机能|五月病|天真浪漫机能|天真烂漫机能,150,ろん,STD 5 | STD 8 | STD 9 | STD 13+
308,Reach For The Stars,reach for the stars|一拳超人|索尼克缤纷色彩|立直为了星|索3|摘星|追星1|追星|索尼克,203,ソニック カラーズ,STD 5 | STD 8+ | STD 10+ | STD 13+
298,マトリョシカ,マトリョシカ|俄罗斯套娃|套娃|😋🤗,205,ハチ,STD 6 | STD 8+ | STD 9+ | STD 11+ | STD 13
297,ジングルベル,ジングルベル|铃儿响叮当|别急15|标圣诞|圣诞歌|jingle bell|鸡公煲|圣诞树|🎄|圣诞|标准圣诞|dx圣诞|dx圣诞歌|dx鸡公煲|屎|金钩表,100,SEGA Sound Unit[H.],DX 5 | DX 7+ | DX 10+ | DX 14+ ; STD 6 | STD 7+ | STD 10+ | STD 14 | STD 14
293,ワールズエンド・ダンスホール,ワールズエンド・ダンスホール|世终舞厅|舞厅|末世舞厅|双关门|世末舞厅|漠河舞厅|world's end dancehall|世界结束舞厅,171,wowaka,STD 7 | STD 8 | STD 9+ | STD 13 | STD 13
260,アンダーキッズ,,225,ツユ,DX 5 | DX 7 | DX 10+ | DX 13
259,アマカミサマ,アマカミサマ|天神|amakamisama|天神大人|美少女跳楼|阿妈卡密萨马,174,名取さな,DX 3 | DX 6 | DX 9 | DX 12+
175,Mr. Wonderland,mr wonderland,140,sasakure.UK,STD 5 | STD 6 | STD 9 | STD 13
166,UNION,,178,OxT「SSSS.GRIDMAN」,DX 3 | DX 7 | DX 10 | DX 11+
162,Daydream café,点兔,150,Petit Rabbit's「ご注文はうさぎですか？」,DX 3 | DX 6 | DX 8 | DX 11+ ; STD 4 | STD 6 | STD 8 | STD 12
155,甲賀忍法帖,,178,陰陽座,STD 4 | STD 6 | STD 9+ | STD 11 | STD 12+
152,Deep in Abyss,,135,リコ（CV：富田美憂）、レグ（CV：伊瀬茉莉也）「メイドインアビス」,STD 4 | STD 6 | STD 9 | STD 12
135,ホシトハナ,,158,讃州中学勇者部(照井春佳、三森すずこ、内山夕実、黒沢ともよ、長妻樹里)「結城友奈は勇者である」,STD 4 | STD 6 | STD 7 | STD 10+
101,カノン,,208,柊マグネタイト　feat.可不,STD 5 | STD 7 | STD 9 | STD 10+
84,残酷な天使のテーゼ,残酷天使,128,高橋洋子「新世紀エヴァンゲリオン」,STD 4 | STD 6 | STD 7 | STD 9
64,New World,,127,FELT,STD 4 | STD 6 | STD 7 | STD 9
54,うまぴょい伝説,,170,スペシャルウィーク （CV.和氣あず未）、サイレンススズカ （CV.高野麻里佳）、トウカイテイオー （CV.Machico）,DX 5 | DX 6 | DX 9+ | DX 11 | DX 13
53,あの世行きのバスに乗ってさらば。,地雷男|男刀,240,ツユ,DX 3 | DX 7+ | DX 11+ | DX 13
52,くらべられっ子,被比较的孩子|男刀|地雷男,194,ツユ,DX 2 | DX 7 | DX 9+ | DX 11 | DX 13
51,愛のシュプリーム！,,135,fhána「小林さんちのメイドラゴンS」,DX 1 | DX 6 | DX 8 | DX 12+
50,テリトリーバトル,领土战争|小南娘|小男娘|日服男刀,140,ツユ,DX 4 | DX 6 | DX 10 | DX 13+
49,さんさーら！,,140,ARuFa,DX 3 | DX 6 | DX 8+ | DX 12+
45,泥の分際で私だけの大切を奪おうだなんて,泥歌,225,ツユ,DX 2 | DX 7+ | DX 10+ | DX 13+
42,うっせぇわ,,178,Ado,DX 3 | DX 7 | DX 9+ | DX 11+ | DX 13
41,夜に駆ける,夜驱,130,YOASOBI,DX 2 | DX 6 | DX 8 | DX 11 | DX 13
40,Shiny Smily Story,,168,hololive IDOL PROJECT,DX 2 | DX 7 | DX 10 | DX 12
38,乙女のルートはひとつじゃない！,,192,angela「乙女ゲームの破滅フラグしかない悪役令嬢に転生してしまった…」,DX 3 | DX 6 | DX 9+ | DX 12
36,God knows...,,150,涼宮ハルヒ（CV.平野 綾） TVアニメ「涼宮ハルヒの憂鬱」,DX 3 | DX 6 | DX 9+ | DX 11+ | DX 13
34,インフェルノ,inferno|🔥,185,Mrs. GREEN APPLE,DX 2 | DX 7 | DX 9+ | DX 11+ | DX 13
33,Pretender,,92,Official髭男dism,DX 2 | DX 5 | DX 9 | DX 12+
31,紅蓮華,,135,LiSA,DX 3 | DX 6 | DX 9 | DX 11 | DX 13
30,町かどタンジェント,街角魔族,165,shami momo（吉田優子・千代田桃）／CV：小原好美・鬼頭明里「まちカドまぞく」,DX 3 | DX 6 | DX 8+ | DX 11+
24,異世界かるてっと,,148,アインズ（CV：日野 聡）、カズマ（CV：福島 潤）、スバル（CV：小林裕介）、ターニャ（CV：悠木 碧）「異世界かるてっと」,DX 3 | DX 6 | DX 9+ | DX 12
21,目覚めRETURNER,,145,フランシュシュ「ゾンビランドサガ」,DX 3 | DX 7 | DX 9 | DX 11+
20,徒花ネクロマンシー,,172,フランシュシュ「ゾンビランドサガ」,DX 3 | DX 7 | DX 10 | DX 12
10,Paradisus-Paradoxum,papa,201,MYTH & ROID「Re:ゼロから始める異世界生活」,DX 4 | DX 7 | DX 9+ | DX 12+ ; STD 5 | STD 8 | STD 10+ | STD 13
8,ブリキノダンス,马口铁之舞,172,日向電工,STD 5 | STD 7+ | STD 10+ | STD 12 | STD 13
7,ヒビカセ,让其响彻,140,GigaReol,STD 4 | STD 7+ | STD 11 | STD 13
2,Our Fighting,,165,クーナ(CV.喜多村英梨)「PHANTASY STAR ONLINE 2」,STD 5 | STD 7 | STD 10+ | STD 12
